Astar Materyali,Ayakkabi Tabani,Baglama Sekli,Bilek Stili,Boy / Olcu,Deri Kalitesi,Desen,Dis Materyal,Ek Ozellik,Kalip,Koleksiyon,Kullanim Alani,Kumas Tipi,Okula Donus,Renk,Saya Materyali,Spor Bransi,Spor Turu,Taban,Taban Materyali,Taban Tipi,Topuk Tipi,Zemin,Cesit,Civi Tipi,Izolasyon,Ic Taban Materyali,price
0,0,2,0,0,0,0,0,0,0,0,0,0,0,1,0,0,0,0,2,0,0,0,0,0,0,0,"85,40 TL"
1,0,1,1,0,0,0,0,0,0,0,0,0,0,1,0,0,0,0,3,0,0,1,1,1,0,1,"231,99 TL"
0,0,0,0,0,0,0,0,0,0,0,0,0,0,1,0,0,0,0,0,0,0,0,0,0,0,0,"429,90 TL"
1,0,0,0,0,0,0,0,0,0,0,0,0,0,1,0,0,0,0,0,0,0,0,0,0,0,0,"149,99 TL"
0,0,0,0,0,0,0,0,0,0,0,0,0,0,1,0,0,0,2,3,0,0,0,0,0,0,0,"62,56 TL"
0,0,0,0,0,0,0,0,0,0,0,0,0,0,3,0,0,0,2,0,0,0,0,0,0,0,0,"112,22 TL"
1,0,2,0,0,1,1,0,2,0,1,0,3,0,3,1,0,0,2,1,0,1,0,0,0,0,1,"89,90 TL"
0,0,1,0,0,0,0,0,0,0,0,4,0,0,13,0,4,0,0,0,0,0,0,1,0,0,0,193 TL
0,0,0,0,0,0,0,0,0,0,0,0,0,0,3,0,0,0,2,0,0,0,0,0,0,0,0,"109,90 TL"
2,0,1,0,0,0,1,0,1,0,0,1,1,0,2,0,0,0,0,0,1,1,0,0,0,0,0,"207,28 TL"
0,0,0,0,0,0,0,0,0,0,0,1,0,0,2,0,0,0,0,0,0,0,0,0,0,0,0,2.244 TL
0,0,1,0,0,0,0,0,1,0,0,1,0,0,2,0,0,0,0,0,0,0,0,0,0,0,0,"101,99 TL"
0,0,1,0,0,0,0,0,1,0,0,1,0,0,1,0,0,0,0,0,0,0,0,0,0,0,0,136 TL
0,0,1,0,0,0,0,0,1,0,0,1,0,0,1,0,0,0,0,0,0,0,0,0,0,0,0,132 TL
0,0,0,0,0,0,0,0,0,0,0,0,0,0,1,0,0,0,0,0,0,0,0,0,0,0,0,"269,90 TL"
0,0,1,0,0,0,0,4,0,0,0,1,0,0,2,0,0,0,0,0,1,1,0,0,0,0,0,"109,90 TL"
1,0,1,1,0,0,0,0,0,0,0,0,0,0,2,0,0,0,0,3,0,0,1,1,1,0,1,"224,51 TL"
0,0,3,0,1,0,0,2,0,0,0,3,0,0,1,0,0,0,2,0,0,0,0,0,0,0,0,"399,91 TL"
0,0,0,0,0,0,0,0,0,0,0,0,0,0,1,0,0,0,0,0,0,0,0,0,0,0,0,"55,64 TL"
0,0,0,0,0,0,0,0,0,0,0,0,0,0,11,0,0,0,2,0,0,0,0,0,0,0,0,"112,22 TL"
1,0,2,0,0,1,1,0,2,0,1,0,3,0,1,1,0,0,2,1,0,1,0,0,0,0,1,"89,90 TL"
0,0,0,0,0,0,0,0,0,0,0,0,0,0,5,0,0,0,2,0,0,0,0,0,0,0,0,"112,22 TL"
1,0,1,0,0,0,0,0,0,0,0,4,0,0,1,2,4,0,0,4,0,0,0,1,0,0,1,182 TL
0,0,4,0,0,0,0,0,0,0,0,0,0,0,1,0,0,0,0,0,0,0,0,0,0,0,0,"269,92 TL"
2,0,2,0,2,0,0,2,0,2,0,3,0,0,1,0,0,0,1,0,0,3,0,0,0,0,2,"137,72 TL"
0,0,2,0,1,0,0,4,0,1,0,3,0,0,1,0,0,0,0,4,0,0,0,0,0,0,0,"149,95 TL"
0,0,2,0,0,0,0,0,0,0,0,0,0,0,11,0,0,0,0,2,0,0,0,0,0,0,0,"64,90 TL"
0,0,1,0,0,0,1,0,0,0,0,0,0,0,3,0,0,0,0,0,0,1,0,0,0,0,0,"235,97 TL"
0,0,2,0,0,0,0,0,0,0,0,0,0,0,3,0,0,0,0,2,0,0,0,0,0,0,0,"69,99 TL"
1,0,3,0,0,0,0,4,3,1,0,1,0,0,1,0,0,0,0,0,0,0,0,0,0,0,1,"624,77 TL"
2,0,2,0,2,0,0,2,0,2,0,3,0,0,1,0,0,0,1,0,0,3,0,0,0,0,2,"137,72 TL"
1,0,2,0,1,3,1,2,3,2,6,3,3,1,1,2,0,2,2,4,0,1,0,0,0,0,1,279 TL
1,0,1,0,0,0,1,2,2,0,0,1,1,1,1,1,0,0,0,0,1,1,0,0,0,0,1,"439,95 TL"
0,0,0,0,0,0,0,0,0,0,0,0,0,0,4,0,0,0,0,0,0,0,0,0,0,0,0,"208,03 TL"
0,0,1,0,0,0,0,2,0,0,0,1,0,0,1,0,0,0,0,5,0,0,0,0,0,0,0,799 TL
0,0,1,0,0,0,0,0,0,1,0,0,0,0,6,0,0,0,0,0,0,0,0,0,0,0,0,"374,90 TL"
2,0,1,0,0,0,1,0,1,0,0,1,1,0,1,0,0,0,0,0,1,1,0,0,0,0,0,"219,06 TL"
0,0,1,0,0,0,0,4,0,0,0,1,0,0,1,0,0,0,0,0,1,1,0,0,0,0,0,"119,90 TL"
1,0,1,0,0,0,2,0,0,0,0,0,0,0,9,2,0,0,0,2,0,4,0,0,0,0,0,"629,90 TL"
0,0,1,0,0,0,0,4,0,0,0,1,0,0,6,0,0,0,0,0,1,0,0,0,0,0,0,"299,90 TL"
0,0,0,0,0,0,0,0,0,0,0,0,0,0,3,0,0,0,0,0,0,0,0,0,0,0,0,"106,72 TL"
0,0,1,0,0,0,0,0,2,0,0,1,0,1,1,0,0,0,0,0,1,1,0,0,0,0,0,"304,90 TL"
0,0,1,0,0,0,0,4,0,1,0,1,0,0,1,0,0,1,2,0,0,0,0,0,0,0,0,550 TL
0,0,0,0,0,0,0,0,0,0,0,0,0,0,3,0,0,0,0,0,0,0,0,0,0,0,0,589 TL
0,0,1,0,0,0,0,4,0,0,0,1,0,0,2,0,0,0,0,0,1,0,0,0,0,0,0,"299,90 TL"
0,0,2,0,0,0,7,0,4,0,0,0,0,0,12,0,0,0,0,0,0,0,0,0,0,0,0,"40,04 TL"
0,0,0,0,0,0,0,0,0,0,0,0,0,0,1,0,0,0,0,0,0,0,0,0,0,0,0,499 TL
0,0,2,0,0,0,0,0,0,0,0,0,0,0,1,0,0,0,2,0,0,0,0,0,0,0,0,65 TL
0,0,1,0,0,0,0,5,0,0,0,1,0,0,1,0,0,0,0,0,1,0,0,0,0,0,0,"139,99 TL"
0,0,0,0,0,0,0,0,0,0,0,0,0,0,2,0,0,0,0,0,0,0,0,0,0,0,0,"99,74 TL"
0,0,1,0,0,0,0,0,0,0,0,0,0,0,2,0,0,0,0,0,1,0,0,0,0,0,0,"399,05 TL"
0,0,0,0,0,0,0,0,0,0,0,0,0,0,3,0,0,0,0,0,0,0,0,0,0,0,0,"199,99 TL"
2,0,1,0,0,0,0,2,0,0,0,0,0,0,1,0,0,0,0,4,2,0,0,0,0,0,0,"105,29 TL"
1,0,1,0,0,0,0,2,1,0,0,1,0,0,1,1,0,0,0,4,1,1,0,0,0,0,1,"245,81 TL"
0,0,0,0,0,0,0,0,0,0,0,0,0,0,3,0,0,0,2,3,0,0,0,0,0,0,0,"64,35 TL"
0,0,1,0,0,0,0,2,0,0,0,1,0,1,2,0,0,0,0,0,2,0,0,0,0,0,0,"279,99 TL"
0,0,0,0,0,0,0,0,0,0,0,0,0,0,3,0,0,0,1,0,0,0,0,0,0,0,0,239 TL
0,0,0,0,0,0,0,0,0,0,0,1,0,0,1,0,0,0,0,0,1,1,0,0,0,0,0,849 TL
0,0,0,0,0,0,0,0,0,0,0,0,0,0,1,0,0,0,0,0,0,0,0,0,0,0,0,"165,28 TL"
0,0,1,0,0,0,0,2,0,0,0,1,0,0,1,0,0,0,0,5,0,0,0,0,0,0,0,849 TL
0,0,3,0,3,0,0,2,1,2,0,3,0,0,3,0,0,0,2,0,0,2,0,0,0,0,0,"349,30 TL"
0,0,0,0,0,0,0,0,0,0,0,0,0,0,1,0,0,0,0,0,0,0,0,0,0,0,0,"581,99 TL"
1,0,1,0,0,0,0,2,0,0,0,1,0,0,1,0,0,0,0,2,2,4,0,0,0,0,1,225 TL
0,0,0,0,0,0,0,0,0,0,0,0,0,0,1,0,0,0,0,0,0,0,0,0,0,0,0,"299,99 TL"
0,0,1,0,0,0,1,2,0,0,0,1,1,0,1,0,0,0,0,0,0,1,0,0,0,0,0,"379,95 TL"
0,0,1,0,0,0,1,0,1,0,0,1,1,0,1,0,0,0,0,0,0,1,0,0,0,0,0,"228,66 TL"
1,0,1,0,0,0,0,4,0,0,0,3,0,0,1,0,0,0,0,2,0,0,0,0,0,0,1,"239,99 TL"
0,0,1,0,0,0,0,4,0,0,0,1,0,0,2,0,0,0,0,0,1,0,0,0,0,0,0,"299,90 TL"
0,0,0,0,0,0,0,0,0,0,0,0,0,0,1,0,0,0,0,0,0,0,0,0,0,0,0,"269,90 TL"
2,0,1,0,0,0,2,2,1,0,0,1,1,0,3,2,0,0,0,0,0,1,0,0,0,0,2,"227,05 TL"
0,0,0,0,0,0,0,0,0,0,0,0,0,0,1,0,0,0,0,0,0,0,0,0,0,0,0,"359,90 TL"
0,0,3,0,0,0,0,2,0,1,0,3,0,0,1,0,0,0,2,0,0,2,0,0,0,0,0,"296,99 TL"
0,0,1,0,0,0,1,0,0,0,0,0,0,0,1,0,0,0,0,0,0,1,0,0,0,0,0,"218,27 TL"
0,0,1,0,0,0,0,2,0,0,0,1,0,0,2,0,0,0,0,0,1,0,0,0,0,0,0,1.499 TL
3,0,1,0,0,2,0,0,1,0,5,0,0,0,1,3,0,0,0,2,0,1,0,0,0,0,3,"290,71 TL"
3,0,1,0,0,0,0,0,0,0,0,0,0,0,1,0,0,0,0,0,0,0,0,0,0,0,3,"449,99 TL"
0,0,1,0,0,0,0,2,0,0,0,1,0,0,1,0,0,0,0,0,1,1,0,0,0,0,0,1.349 TL
0,0,1,0,0,0,1,0,1,0,0,0,0,0,1,0,0,0,0,0,0,1,0,0,0,0,0,"193,06 TL"
0,0,1,0,0,0,0,2,0,0,0,1,0,0,1,0,0,0,0,0,1,1,0,0,0,0,0,888 TL
0,0,0,0,0,0,0,0,0,0,0,0,0,0,1,0,0,0,0,0,0,0,0,0,0,0,0,"59,99 TL"
0,1,1,1,0,0,0,4,0,0,0,5,0,0,1,0,5,0,0,0,0,0,0,0,0,0,0,1.199 TL
2,0,1,0,0,0,2,2,1,0,0,1,1,0,2,2,0,0,0,0,0,1,0,0,0,0,2,"246,35 TL"
0,0,3,0,2,0,0,4,0,1,0,3,0,0,1,0,0,0,2,0,0,2,0,0,0,0,0,"197,60 TL"
0,0,0,0,0,0,0,0,0,0,0,0,0,0,1,0,0,0,0,0,0,0,0,0,0,0,0,799 TL
2,0,1,0,0,0,0,2,0,0,0,0,0,0,1,0,0,0,0,0,0,0,0,0,0,0,0,"130,99 TL"
0,0,1,0,0,0,2,0,1,0,0,1,1,0,2,0,0,0,0,0,3,1,0,0,0,0,0,"266,53 TL"
2,0,1,0,0,0,0,2,0,0,0,0,0,0,1,0,0,0,0,4,2,0,0,0,0,0,0,"105,29 TL"
0,0,1,0,0,0,1,0,0,0,0,0,0,0,6,0,0,0,0,0,0,1,0,0,0,0,0,"272,57 TL"
0,0,2,0,0,0,0,0,0,0,0,0,0,0,1,0,0,0,0,0,0,0,0,0,0,0,0,"69,90 TL"
0,0,1,0,0,0,0,2,0,0,0,1,0,0,1,0,0,0,0,0,1,1,0,0,0,0,0,"254,94 TL"
0,0,1,0,0,0,4,0,0,0,0,1,1,0,1,0,0,0,0,0,1,1,0,0,0,0,0,"349,95 TL"
0,0,2,0,0,0,0,0,0,0,0,0,0,0,16,0,0,0,0,2,0,0,0,0,0,0,0,"67,47 TL"
0,0,1,0,0,0,0,0,0,0,0,0,0,0,3,0,0,0,0,0,0,0,0,0,0,0,0,"336,70 TL"
2,0,1,0,0,0,4,2,0,0,0,1,1,0,1,0,0,0,0,0,0,1,0,0,0,0,2,"379,95 TL"
0,0,1,0,0,0,0,2,0,0,0,1,0,0,2,0,0,0,0,0,1,0,0,0,0,0,0,"269,90 TL"
1,0,3,0,2,0,0,2,3,1,0,3,0,0,1,1,0,0,2,2,0,2,0,0,0,0,1,"279,93 TL"
1,0,3,0,2,0,0,2,3,1,0,3,0,0,1,1,0,0,2,2,0,2,0,0,0,0,1,"279,93 TL"
0,0,2,0,0,0,0,0,0,0,0,0,0,0,1,0,0,0,0,5,0,0,0,0,0,0,0,"62,35 TL"
0,0,4,0,0,0,0,0,0,0,0,0,0,0,2,0,0,0,0,0,0,0,0,0,0,0,0,"294,94 TL"
0,0,0,0,0,0,0,0,0,0,0,0,0,0,2,0,0,0,0,0,0,0,0,0,0,0,0,"703,48 TL"
0,0,0,0,0,0,0,0,0,0,0,0,0,0,3,0,0,0,0,0,0,0,0,0,0,0,0,"149,93 TL"
1,0,1,0,0,0,0,2,1,0,0,1,0,2,1,1,0,0,0,1,1,1,0,0,0,0,2,"269,99 TL"
0,0,1,0,0,0,0,0,1,0,0,0,0,0,1,0,0,0,0,0,0,0,0,0,0,0,0,139 TL
0,0,0,0,0,0,0,0,0,0,0,0,0,0,2,0,0,0,0,0,0,0,0,0,0,0,0,"764,90 TL"
2,0,1,0,0,0,2,2,1,0,0,1,1,0,2,2,0,0,0,0,0,1,0,0,0,0,2,"226,79 TL"
0,0,0,0,0,0,0,0,0,0,0,0,0,0,2,0,0,0,0,0,0,0,0,0,0,0,0,22 TL
0,0,1,0,0,0,0,0,0,0,0,0,0,0,1,0,0,0,0,0,0,0,0,0,0,0,0,"146,50 TL"
0,0,0,0,0,0,0,0,0,0,0,0,0,0,1,0,0,0,0,0,0,0,0,0,0,0,0,"499,99 TL"
0,0,1,0,0,0,0,0,0,0,0,0,0,0,1,0,0,0,0,0,0,0,0,0,0,0,0,"699,99 TL"
0,0,1,0,0,0,1,0,1,0,0,0,0,0,1,0,0,0,0,0,0,1,0,0,0,0,0,"279,95 TL"
1,0,1,0,0,0,0,2,0,0,0,1,0,0,2,2,0,0,0,3,1,1,0,0,0,0,1,"356,51 TL"
0,0,0,0,0,0,0,0,0,0,0,0,0,0,1,0,0,0,0,0,0,0,0,0,0,0,0,"359,90 TL"
0,0,1,0,0,0,0,0,0,0,0,0,0,0,1,0,0,0,0,0,0,0,0,0,0,0,0,"499,99 TL"
1,0,1,0,0,0,0,2,2,0,0,1,0,1,1,1,0,0,0,2,1,1,0,0,0,0,1,"745,82 TL"
1,0,3,0,3,3,5,4,1,1,0,3,0,0,1,1,0,0,2,2,0,2,0,0,0,0,1,"205,31 TL"
0,0,0,0,0,0,0,0,0,0,0,1,0,0,1,0,0,0,0,0,0,0,0,0,0,0,0,"389,99 TL"
0,0,1,0,0,0,0,2,0,0,0,1,0,0,8,0,0,0,0,0,1,0,0,0,0,0,0,"206,44 TL"
1,0,1,0,0,0,0,0,0,0,0,4,0,0,1,2,4,0,0,4,0,0,0,1,0,0,1,"189,90 TL"
1,0,1,0,0,0,0,2,0,0,0,1,0,0,1,0,0,0,0,0,0,0,0,0,0,0,0,799 TL
2,0,1,0,0,0,0,2,0,0,0,0,0,0,1,0,0,0,0,0,0,0,0,0,0,0,0,"121,50 TL"
1,0,1,0,0,0,0,0,0,0,0,4,0,0,1,2,4,0,0,4,0,0,0,1,0,0,1,"189,90 TL"
1,0,1,0,0,0,0,2,0,0,0,1,0,0,1,0,0,0,0,0,0,0,0,0,0,0,0,799 TL
2,0,1,0,0,0,0,2,0,0,0,0,0,0,1,0,0,0,0,0,0,0,0,0,0,0,0,"121,50 TL"
0,0,0,0,0,0,0,0,0,0,0,0,0,0,5,0,0,0,0,0,0,0,0,0,0,0,0,"522,14 TL"
0,0,1,0,0,0,0,2,0,0,0,1,0,0,2,0,0,0,0,0,0,0,0,0,0,0,0,882 TL
0,0,0,0,0,0,0,0,0,0,0,0,0,0,2,0,0,0,0,0,0,0,0,0,0,0,0,275 TL
0,0,1,0,0,0,1,0,1,0,0,0,0,0,8,0,0,0,0,0,0,1,0,0,0,0,0,"193,06 TL"
1,0,1,0,0,0,1,2,0,0,0,1,1,0,1,0,0,0,0,2,0,1,0,0,0,0,1,"1.359,90 TL"
0,0,0,0,0,0,0,0,0,0,0,0,0,0,4,0,0,0,2,3,0,0,0,0,0,0,0,"64,35 TL"
0,0,1,0,2,0,0,3,0,1,0,3,0,0,5,0,0,1,2,0,0,3,0,0,0,0,0,"592,88 TL"
0,0,2,0,1,0,0,3,0,1,0,3,0,0,1,0,0,0,2,0,0,3,0,0,0,0,0,349 TL
0,0,3,0,1,0,0,0,3,1,0,3,0,0,1,0,0,1,2,2,0,0,0,0,0,0,0,"399,60 TL"
0,0,0,0,0,0,0,0,0,0,0,0,0,0,2,0,0,0,0,0,0,0,0,0,0,0,0,1.159 TL
0,0,0,0,0,0,0,0,0,0,0,0,0,0,1,0,0,0,0,0,0,0,0,0,0,0,0,459 TL
0,0,0,0,0,0,0,0,0,0,0,0,0,0,1,0,0,0,0,0,0,0,0,0,0,0,0,"299,90 TL"
0,0,1,0,0,0,0,0,0,0,0,0,0,0,2,0,0,0,0,0,1,0,0,0,0,0,0,"399,95 TL"
0,0,1,0,0,0,2,0,0,0,0,0,1,0,2,0,0,0,0,0,0,1,0,0,0,0,0,489 TL
3,0,1,0,0,2,0,0,1,0,5,0,0,0,1,3,0,0,0,2,0,0,0,0,0,0,3,"369,90 TL"
0,0,4,0,0,0,0,0,0,0,0,1,0,0,1,0,0,0,0,0,0,2,0,0,0,0,0,399 TL
0,0,1,0,0,0,0,2,0,0,0,0,0,0,1,0,0,0,0,0,0,0,0,0,0,0,0,"179,90 TL"
0,0,0,0,0,0,0,0,0,0,0,0,0,0,3,0,0,0,0,0,0,0,0,0,0,0,0,370 TL
0,0,0,0,0,0,0,0,0,0,0,0,0,0,3,0,0,0,0,0,0,0,0,0,0,0,0,"59,99 TL"
0,0,0,0,0,0,0,0,0,0,0,0,0,0,5,0,0,0,2,3,0,0,0,0,0,0,0,"64,35 TL"
1,0,1,0,0,0,8,2,1,0,0,1,0,0,1,1,0,0,0,4,0,1,0,0,0,0,1,"329,99 TL"
0,0,1,0,0,0,1,0,0,0,0,0,1,0,2,0,0,0,0,0,0,1,0,0,0,0,0,"369,77 TL"
2,0,1,0,0,0,4,2,0,0,0,1,1,0,2,0,0,0,0,0,0,1,0,0,0,0,2,"379,95 TL"
0,0,2,0,0,0,14,4,0,0,0,3,0,0,1,0,0,0,0,0,1,1,0,0,0,0,0,"371,17 TL"
0,0,1,0,0,0,0,2,0,0,0,0,0,0,2,0,0,0,0,0,0,0,0,0,0,0,0,"296,99 TL"
0,0,1,0,0,0,0,0,0,0,0,1,0,0,2,0,0,0,0,0,0,0,0,0,0,0,0,"198,53 TL"
2,0,1,0,0,0,0,2,1,0,0,0,0,0,2,2,0,0,0,0,0,1,0,0,0,0,2,"106,29 TL"
1,0,1,0,0,0,1,0,1,0,0,1,1,0,1,0,0,0,0,5,0,1,0,0,0,0,1,399 TL
0,0,1,0,0,0,0,2,0,0,0,1,0,0,3,0,0,0,0,0,1,0,0,0,0,0,0,"269,90 TL"
0,0,1,0,0,0,1,0,0,0,0,0,0,0,1,0,0,0,0,0,0,1,0,0,0,0,0,"235,97 TL"
0,0,0,0,0,0,0,0,0,0,0,0,0,0,11,0,0,0,0,0,0,0,0,0,0,0,0,"106,39 TL"
0,0,1,0,0,0,0,0,1,0,0,0,0,0,1,0,0,0,0,0,3,0,0,0,0,0,0,"264,99 TL"
0,0,1,0,0,0,4,0,0,0,0,1,1,0,2,0,0,0,0,0,1,1,0,0,0,0,0,"409,95 TL"
3,0,4,0,0,0,0,0,0,0,0,0,0,0,1,3,0,0,0,0,0,0,0,0,0,0,3,"204,43 TL"
0,0,0,0,0,0,0,0,0,0,0,0,0,0,1,0,0,0,0,0,0,0,0,0,0,0,0,"364,99 TL"
0,0,0,0,0,0,0,0,0,0,0,0,0,0,1,0,0,0,0,0,0,0,0,0,0,0,0,799 TL
1,0,1,0,0,0,0,2,0,0,0,0,0,0,1,0,0,0,0,3,1,1,0,0,0,0,0,"199,90 TL"
3,0,1,0,0,0,0,3,0,0,0,0,0,0,1,3,0,0,0,5,0,0,0,0,0,0,3,"590,13 TL"
0,0,0,0,0,0,0,0,0,0,0,1,0,0,2,0,0,0,0,0,1,1,0,0,0,0,0,"303,68 TL"
1,0,1,0,0,0,2,0,1,0,0,1,1,0,2,1,0,0,0,5,0,1,0,0,0,0,1,469 TL
0,0,1,0,0,0,0,0,0,0,0,1,0,0,1,0,0,0,0,0,1,1,0,0,0,0,0,"277,05 TL"
0,0,1,0,0,0,0,2,0,0,0,1,0,0,1,0,0,0,0,0,2,0,0,0,0,0,0,269 TL
0,0,1,0,0,0,0,0,0,0,0,0,0,0,1,0,0,0,0,0,0,0,0,0,0,0,0,"264,99 TL"
0,0,0,0,0,0,0,0,0,0,0,0,0,0,3,0,0,0,0,0,0,0,0,0,0,0,0,"119,99 TL"
0,0,1,0,0,0,0,0,0,0,0,0,0,0,1,0,0,0,0,0,0,0,0,0,0,0,0,"139,80 TL"
0,0,1,0,0,0,0,0,0,0,0,3,0,0,3,0,0,0,0,0,0,0,0,0,0,0,0,"212,51 TL"
0,0,1,0,0,0,1,0,0,0,0,0,0,0,1,0,0,0,0,0,0,1,0,0,0,0,0,"242,10 TL"
0,0,0,0,0,0,0,0,0,0,0,0,0,0,1,0,0,0,0,0,0,0,0,0,0,0,0,521 TL
0,0,0,0,0,0,0,0,0,0,0,0,0,0,9,0,0,0,0,0,0,0,0,0,0,0,0,"110,49 TL"
0,0,1,0,0,0,1,2,0,0,0,1,1,0,1,0,0,0,0,0,0,1,0,0,0,0,0,"385,95 TL"
0,0,1,0,0,0,0,0,1,0,0,0,0,0,3,0,0,0,0,0,3,0,0,0,0,0,0,"264,99 TL"
0,0,2,0,0,0,0,0,0,0,0,0,0,0,1,0,0,0,0,0,0,0,0,0,0,0,0,22 TL
3,0,1,0,0,2,0,0,0,0,0,0,0,0,6,3,0,0,0,2,0,0,0,0,0,0,3,589 TL
0,0,1,0,0,0,0,0,0,0,0,4,0,0,1,0,4,0,0,0,0,0,0,1,0,0,2,223 TL
2,0,1,0,0,0,2,0,1,0,0,0,1,0,1,2,0,0,0,1,4,2,0,0,0,0,2,"250,34 TL"
0,0,2,0,0,0,0,0,0,0,0,0,0,0,5,0,0,0,0,2,0,0,0,0,0,0,0,"71,09 TL"
0,0,0,0,0,0,0,0,0,0,0,0,0,0,11,0,0,0,0,0,0,0,0,0,0,0,0,"66,96 TL"
0,0,1,0,0,0,1,0,0,0,0,1,1,0,3,0,0,0,0,0,1,1,0,0,0,0,0,"329,95 TL"
0,0,0,0,0,0,0,0,0,0,0,0,0,0,1,0,0,0,0,0,0,0,0,0,0,0,0,"1.159,90 TL"
3,0,0,0,0,0,0,0,0,0,0,0,0,0,1,0,0,0,0,1,0,0,0,0,0,0,0,"399,90 TL"
0,0,1,0,0,0,1,2,0,0,0,1,1,0,1,0,0,0,0,0,1,1,0,0,0,0,0,"450,95 TL"
3,0,1,0,0,2,0,0,0,0,0,0,0,0,1,3,0,0,0,1,0,0,0,0,0,0,3,"389,90 TL"
0,0,3,0,0,0,0,0,1,1,0,3,0,0,1,0,0,0,0,2,0,0,0,0,0,0,0,"289,99 TL"
0,0,0,0,0,0,0,0,0,0,0,0,0,0,1,0,0,0,2,0,0,0,0,0,0,0,0,"114,67 TL"
0,0,0,0,0,0,0,0,0,0,0,0,0,0,1,0,0,0,2,0,0,0,0,0,0,0,0,249 TL
0,0,1,0,0,0,0,0,0,0,0,0,0,0,13,0,0,0,0,0,0,0,0,0,1,0,0,"857,83 TL"
0,0,1,1,0,0,0,0,0,0,0,0,0,0,7,0,0,0,0,0,0,0,1,1,1,0,0,180 TL
0,0,1,0,0,0,0,2,0,0,0,1,0,0,2,0,0,0,0,0,6,0,0,0,0,0,0,"1.986,41 TL"
0,0,1,0,0,0,0,0,0,0,0,1,1,0,1,0,0,0,0,0,1,2,0,0,0,0,0,389 TL
0,0,0,0,0,0,0,0,0,0,0,0,0,0,1,0,0,0,0,0,0,0,0,0,0,0,0,"499,99 TL"
0,0,0,0,0,0,0,0,0,0,0,0,0,0,3,0,0,0,0,0,0,0,0,0,0,0,0,"421,99 TL"
0,0,0,0,0,0,0,0,0,0,0,0,0,0,1,0,0,0,0,0,0,0,0,0,0,0,0,879 TL
0,0,0,0,0,0,0,0,0,0,0,0,0,0,2,0,0,0,0,0,0,0,0,0,0,0,0,"115,44 TL"
2,0,1,0,0,0,4,2,0,0,0,1,1,0,1,0,0,0,0,0,0,1,0,0,0,0,2,"399,95 TL"
0,0,1,0,0,0,0,2,0,0,0,1,0,0,1,0,0,0,0,0,2,0,0,0,0,0,0,"267,76 TL"
0,0,0,0,0,0,0,0,0,0,0,0,0,0,3,0,0,0,0,0,0,0,0,0,0,0,0,"104,99 TL"
0,0,1,0,0,0,0,0,0,0,0,0,0,0,2,0,0,0,0,0,1,0,0,0,0,0,0,"449,95 TL"
0,0,2,0,0,0,0,0,0,0,0,0,0,0,4,0,0,0,0,2,0,0,0,0,0,0,0,"67,47 TL"
0,0,1,0,0,0,0,2,0,0,0,1,0,0,2,0,0,0,0,0,0,0,0,0,0,0,1,413 TL
0,0,1,0,0,0,0,2,0,0,0,1,0,0,1,0,0,0,0,0,1,0,0,0,0,0,0,1.249 TL
2,0,1,0,0,0,2,2,1,0,0,1,1,0,1,2,0,0,0,0,0,1,0,0,0,0,2,"244,75 TL"
0,0,0,0,0,0,0,0,0,0,0,0,0,0,4,0,0,0,0,0,0,0,0,0,0,0,0,"187,44 TL"
0,0,1,0,0,0,0,0,1,0,0,0,0,0,9,0,0,0,0,0,3,0,0,0,0,0,0,"264,99 TL"
0,0,0,0,0,0,0,0,0,0,0,4,0,0,13,0,4,0,0,0,0,0,0,1,0,0,0,183 TL
1,0,1,0,0,1,1,5,3,0,4,1,4,1,1,1,0,0,0,2,1,1,0,0,0,0,1,"179,07 TL"
0,0,1,0,0,0,1,0,1,0,0,0,1,0,5,0,0,0,0,0,0,4,0,0,0,0,0,"124,29 TL"
1,0,1,0,0,0,1,2,0,0,0,1,4,0,4,1,0,0,0,3,4,1,0,0,0,0,1,"241,89 TL"
1,0,1,0,0,0,1,0,1,0,0,1,1,0,1,0,0,0,0,5,0,1,0,0,0,0,1,399 TL
0,0,1,0,0,0,1,0,0,0,0,1,1,0,1,0,0,0,0,0,1,1,0,0,0,0,0,"346,95 TL"
0,0,1,0,0,0,2,0,1,0,0,1,1,0,1,0,0,0,0,0,3,1,0,0,0,0,0,"379,95 TL"
0,0,0,0,0,0,0,0,0,0,0,0,0,0,5,0,0,0,0,0,0,0,0,0,0,0,0,"64,90 TL"
1,0,0,0,0,0,1,0,0,0,14,0,0,0,1,1,0,0,1,0,0,0,0,0,0,0,0,"94,90 TL"
2,0,1,0,0,3,5,2,2,0,2,1,2,0,2,2,0,0,0,3,5,1,0,0,0,0,2,"409,99 TL"
0,0,2,0,4,0,0,3,0,1,0,1,0,0,1,0,0,0,0,0,0,2,0,0,0,0,0,"499,90 TL"
1,0,1,0,2,3,3,2,2,1,3,1,2,1,1,2,0,1,2,2,0,1,0,0,0,1,1,"399,90 TL"
0,0,0,0,0,0,0,0,0,0,0,0,0,0,8,0,0,0,0,0,0,0,0,0,0,0,0,"1.799,90 TL"
0,0,1,0,0,0,0,0,0,0,0,1,0,0,1,0,0,0,0,0,0,0,0,0,0,0,0,"293,47 TL"
0,0,0,0,0,0,0,0,0,0,0,0,0,0,1,0,0,0,0,0,0,0,0,0,0,0,0,"545,25 TL"
0,0,1,0,0,0,0,0,0,0,0,1,0,0,2,0,0,0,0,0,0,0,0,0,0,0,0,"369,95 TL"
2,0,1,0,0,0,0,2,0,0,0,1,0,0,1,0,0,0,0,0,1,0,0,0,0,0,0,189 TL
0,0,1,0,0,0,2,0,1,0,0,1,1,0,6,0,0,0,0,0,3,1,0,0,0,0,0,"266,53 TL"
1,0,1,0,0,1,3,2,2,0,11,1,3,1,1,1,0,0,0,5,1,1,0,0,0,0,1,"191,95 TL"
0,0,1,0,0,0,1,0,1,0,0,0,1,0,1,0,0,0,0,0,0,1,0,0,0,0,0,"294,97 TL"
1,0,1,0,0,0,10,2,1,0,4,1,4,0,1,1,0,0,0,4,1,1,0,0,0,0,1,"269,99 TL"
0,0,1,0,0,0,0,2,0,0,0,1,0,0,1,0,0,0,0,0,0,0,0,0,0,0,0,799 TL
0,0,0,0,0,0,0,0,0,0,0,0,0,0,4,0,0,0,0,0,0,0,0,0,0,0,0,1.179 TL
0,0,0,0,0,0,0,0,0,0,0,4,0,0,1,0,4,0,0,0,0,0,0,1,0,0,0,186 TL
0,0,1,0,0,0,0,0,2,0,0,1,1,1,1,0,0,0,0,0,1,1,0,0,0,0,0,"424,95 TL"
0,0,0,0,0,0,0,0,0,0,0,1,0,0,1,0,0,0,0,0,0,0,0,0,0,0,0,"89,15 TL"
0,0,0,0,0,0,0,0,0,0,0,0,0,0,2,0,0,0,0,0,0,0,0,0,0,0,0,849 TL
0,0,0,0,0,0,0,0,0,0,0,0,0,0,1,0,0,0,0,0,0,0,0,0,0,0,0,"299,99 TL"
0,0,1,0,0,0,1,2,0,0,0,1,1,0,2,0,0,0,0,0,0,1,0,0,0,0,0,"375,95 TL"
1,0,1,0,0,0,2,0,1,0,0,1,1,0,1,1,0,0,0,5,0,1,0,0,0,0,1,469 TL
0,0,1,0,0,0,0,0,0,0,0,4,0,0,2,0,4,0,0,0,0,0,0,1,0,0,2,219 TL
0,0,1,0,0,0,0,0,0,0,0,0,0,0,1,0,0,0,0,0,0,0,0,0,0,0,0,"128,40 TL"
3,0,1,0,0,2,1,0,0,0,0,0,0,0,1,3,0,0,0,2,0,0,0,0,0,0,3,"158,59 TL"
0,0,1,0,0,0,0,2,0,0,0,1,0,0,17,0,0,0,0,0,1,0,0,0,0,0,0,"206,44 TL"
1,0,1,0,1,0,2,0,1,0,0,1,2,0,1,1,0,0,0,2,0,1,0,0,0,0,1,449 TL
0,0,1,0,0,0,0,2,0,0,0,1,0,0,2,0,0,0,0,0,1,0,0,0,0,0,0,"269,90 TL"
0,0,1,0,0,0,0,4,0,0,0,3,0,0,1,0,0,0,0,0,0,0,0,0,0,0,0,"189,67 TL"
1,0,3,0,2,0,0,0,0,1,2,3,0,0,1,0,0,0,2,2,0,1,0,0,0,0,1,"339,99 TL"
0,0,0,0,0,0,0,0,0,0,0,0,0,0,2,0,0,0,0,0,0,0,0,0,0,0,0,849 TL
2,0,1,0,0,0,4,2,0,0,0,1,1,0,2,0,0,0,0,0,0,1,0,0,0,0,2,"399,95 TL"
0,0,0,0,0,0,0,0,0,0,0,0,0,0,5,0,0,0,0,0,0,0,0,0,0,0,0,"364,99 TL"
1,0,1,0,0,0,0,4,0,0,0,3,0,0,2,0,0,0,0,2,0,0,0,0,0,0,1,"239,99 TL"
0,0,1,0,0,0,0,4,0,0,0,1,0,0,3,0,0,0,0,0,1,0,0,0,0,0,0,"205,61 TL"
2,0,1,0,0,3,5,2,2,0,2,1,2,0,1,2,0,0,0,3,5,1,0,0,0,0,2,324 TL
0,0,1,0,0,0,0,2,0,0,0,1,0,0,1,0,0,0,0,0,1,1,0,0,0,0,0,"1.168,70 TL"
0,0,1,0,0,0,8,2,1,0,4,1,3,0,1,1,0,0,0,4,1,1,0,0,0,0,1,"329,99 TL"
1,0,1,0,0,0,0,2,0,0,0,0,0,0,4,0,0,0,0,3,1,1,0,0,0,0,0,"179,90 TL"
0,0,0,0,0,0,0,0,0,0,0,0,0,0,5,0,0,0,1,0,0,0,0,0,0,0,0,"329,90 TL"
0,0,2,0,0,0,0,2,0,0,0,1,0,0,1,0,0,0,0,0,0,0,0,0,0,0,0,184 TL
0,0,1,0,0,0,2,2,0,0,0,1,1,0,1,0,0,0,0,0,1,1,0,0,0,0,0,"330,95 TL"
0,0,1,0,0,0,4,0,0,0,0,1,1,0,2,0,0,0,0,0,1,1,0,0,0,0,0,"399,95 TL"
0,0,5,0,2,0,0,4,0,1,0,3,0,0,1,0,0,0,2,0,0,2,0,0,0,0,0,"289,99 TL"
0,0,1,0,0,0,0,2,0,0,0,3,0,0,1,0,0,0,0,0,0,0,0,0,0,0,0,"300,03 TL"
1,0,1,0,0,3,0,2,0,0,0,1,0,0,2,2,0,0,0,1,2,0,0,0,0,0,1,"289,99 TL"
2,0,1,0,0,0,1,2,1,0,0,3,0,0,1,2,0,0,0,1,4,1,0,0,0,0,2,"249,90 TL"
2,0,1,0,0,0,0,2,0,0,0,0,0,0,2,0,0,0,0,0,0,0,0,0,0,0,0,"131,50 TL"
0,0,3,0,2,0,6,4,0,1,0,3,0,0,1,0,0,1,2,0,0,2,0,0,0,1,0,"266,37 TL"
0,0,0,0,0,0,0,0,0,0,0,0,0,0,1,0,0,0,0,0,0,0,0,0,0,0,0,"299,99 TL"
1,0,1,0,0,0,1,2,0,0,0,1,4,0,4,1,0,0,0,3,4,1,0,0,0,0,1,"233,99 TL"
0,0,0,0,0,0,0,0,0,0,0,0,0,0,2,0,0,0,0,0,0,0,0,0,0,0,0,899 TL
0,0,3,0,0,0,0,0,0,1,0,0,0,0,6,0,0,0,2,0,0,0,0,0,0,0,0,800 TL
0,0,0,0,0,0,0,0,0,0,0,0,0,0,7,0,0,0,0,0,0,0,0,0,0,0,0,600 TL
0,0,1,1,0,0,0,0,0,0,0,0,0,0,8,0,0,0,0,0,0,0,1,1,1,0,0,176 TL
0,0,1,0,0,0,0,0,0,0,0,1,0,0,1,0,0,0,0,0,0,1,0,0,0,0,0,"260,39 TL"
2,0,1,0,0,0,0,2,0,0,0,0,0,0,1,0,0,0,0,4,0,0,0,0,0,0,0,"202,49 TL"
0,0,1,0,0,0,2,0,1,0,0,1,1,0,15,0,0,0,0,0,3,1,0,0,0,0,0,"266,53 TL"
1,0,1,0,0,0,0,0,0,0,0,1,0,0,3,0,0,0,0,2,0,0,0,0,0,0,1,"423,18 TL"
1,0,1,0,0,0,0,0,0,0,0,1,0,0,2,0,0,0,0,2,0,0,0,0,0,0,1,"423,18 TL"
0,0,1,0,0,0,0,2,0,0,0,1,0,0,1,0,0,0,0,0,0,0,0,0,0,0,0,"674,99 TL"
0,0,1,0,0,0,0,0,1,0,0,0,0,0,1,0,0,0,0,0,3,0,0,0,0,0,0,"264,99 TL"
0,0,1,0,0,0,1,0,1,0,0,0,2,0,2,0,0,0,0,1,0,1,0,0,0,0,0,369 TL
0,0,0,0,0,0,0,0,0,0,0,0,0,0,1,0,0,0,0,0,0,0,0,0,0,0,0,"174,90 TL"
0,0,3,0,1,0,0,0,3,1,0,3,0,0,1,0,0,1,2,2,0,0,0,0,0,0,0,"399,60 TL"
0,0,1,0,2,0,0,2,0,1,0,1,0,0,1,0,0,1,2,0,0,2,0,0,0,1,0,"299,90 TL"
0,0,1,0,0,0,0,0,0,0,0,0,0,0,2,0,0,0,0,0,0,0,0,0,0,0,0,"169,99 TL"
0,0,1,0,0,0,0,2,0,0,0,1,0,0,1,0,0,0,0,0,1,0,0,0,0,0,0,"785,06 TL"
0,0,2,0,0,0,0,2,0,0,0,0,0,0,1,0,0,0,0,0,2,0,0,0,0,0,0,161 TL
0,0,0,0,0,0,0,0,0,0,0,0,0,0,4,0,0,0,0,0,0,0,0,0,0,0,0,"66,51 TL"
0,0,2,0,1,0,0,4,0,1,0,3,0,0,1,0,0,0,0,4,0,0,0,0,0,0,0,"149,95 TL"
0,0,1,0,0,0,0,2,0,0,0,1,0,0,1,0,0,0,0,0,1,0,0,0,0,0,0,"269,90 TL"
0,0,1,0,0,0,0,4,0,1,0,1,0,0,3,0,0,1,2,0,0,0,0,0,0,0,0,636 TL
2,0,1,0,1,0,1,0,1,0,0,0,1,0,1,2,0,0,0,0,0,1,0,0,0,0,2,"351,17 TL"
0,0,1,0,0,0,0,2,0,0,0,1,0,0,1,0,0,0,0,0,1,0,0,0,0,0,0,"176,94 TL"
0,0,1,0,0,0,1,0,1,0,0,1,1,0,2,0,0,0,0,0,0,1,0,0,0,0,0,"247,87 TL"
3,0,0,0,0,0,0,0,0,0,0,0,0,0,5,3,0,0,0,2,0,1,0,0,0,0,3,"305,17 TL"
3,0,2,0,0,2,0,0,0,0,0,0,0,0,1,3,0,0,0,2,0,1,0,0,0,0,3,"359,90 TL"
1,0,1,0,0,0,10,2,1,0,4,1,3,0,1,1,0,0,0,4,1,1,0,0,0,0,1,"269,99 TL"
1,0,1,0,0,0,1,2,2,0,0,1,1,1,3,1,0,0,0,0,1,1,0,0,0,0,1,459 TL
0,0,1,0,0,0,0,2,0,0,0,1,0,0,7,0,0,0,0,0,1,0,0,0,0,0,0,"176,94 TL"
0,0,1,2,0,0,0,0,0,0,0,0,0,0,2,0,0,0,0,0,0,0,0,0,0,0,0,259 TL
1,0,1,0,0,0,2,0,1,1,0,1,1,0,1,1,0,0,0,2,0,1,0,0,0,0,1,549 TL
0,0,1,0,0,0,0,0,1,0,0,0,0,0,1,0,0,0,0,0,0,0,0,0,0,0,0,"269,90 TL"
0,0,1,0,0,0,0,2,0,0,0,1,0,0,1,0,0,0,0,0,0,0,0,0,0,0,0,999 TL
0,0,1,0,0,0,1,0,0,0,0,0,0,0,1,0,0,0,0,0,0,1,0,0,0,0,0,"188,42 TL"
0,0,2,0,0,0,0,2,0,0,0,1,0,0,3,0,0,0,0,0,0,0,0,0,0,0,0,"237,57 TL"
1,0,3,0,1,0,5,4,1,1,0,1,0,0,1,1,0,0,2,2,0,2,0,0,0,1,1,"267,90 TL"
2,0,1,0,0,0,4,2,0,0,0,1,1,0,2,0,0,0,0,0,0,1,0,0,0,0,2,"420,95 TL"
1,0,1,0,0,3,0,4,0,0,0,0,0,0,2,1,0,0,0,0,1,1,0,0,0,0,1,179 TL
0,0,0,0,0,0,0,0,0,0,0,0,0,0,7,0,0,0,0,0,0,0,0,0,0,0,0,"985,15 TL"
0,0,1,0,0,0,0,2,0,0,0,1,0,0,1,0,0,0,0,0,0,0,0,0,0,0,0,"144,99 TL"
0,0,3,0,2,0,0,3,0,1,0,1,0,0,1,0,0,0,2,0,0,3,0,0,0,0,0,"379,90 TL"
0,0,1,0,0,0,0,2,1,0,0,1,0,1,2,0,0,0,0,0,2,0,0,0,0,0,0,"286,73 TL"
0,0,1,0,0,0,0,0,0,0,0,0,0,0,1,0,0,0,0,0,0,0,0,0,0,0,0,"799,90 TL"
0,0,1,0,0,0,0,2,0,0,0,1,0,0,1,0,0,0,0,0,3,2,0,0,0,0,0,"359,99 TL"
0,0,0,0,0,0,0,0,0,0,0,0,0,0,1,0,0,0,0,0,0,0,0,0,0,0,0,369 TL
0,0,1,2,0,0,0,2,0,0,0,5,0,0,2,0,5,0,0,0,0,0,0,0,0,0,0,1.069 TL
0,0,1,0,0,0,0,2,0,0,0,1,0,0,4,0,0,0,0,0,1,1,0,0,0,0,0,950 TL
0,0,1,0,0,0,1,0,0,0,0,0,0,0,1,0,0,0,0,0,0,1,0,0,0,0,0,"218,27 TL"
1,0,2,0,0,0,0,2,0,0,0,1,0,0,1,0,0,0,0,0,2,0,0,0,0,0,0,229 TL
1,0,1,0,0,0,1,2,2,0,0,1,1,1,4,1,0,0,0,0,1,1,0,0,0,0,1,"389,95 TL"
1,0,0,0,0,0,1,0,5,0,0,0,0,0,11,1,0,0,1,4,0,1,0,0,0,0,1,"119,90 TL"
0,0,0,0,0,0,0,0,0,0,0,0,0,0,3,0,0,0,0,0,0,0,0,0,0,0,0,"63,10 TL"
0,0,1,0,0,0,0,0,0,0,0,0,0,0,1,0,0,0,0,0,0,0,0,0,0,0,0,"499,99 TL"
1,0,1,0,0,0,1,2,0,0,0,1,4,0,3,1,0,0,0,3,4,1,0,0,0,0,1,"241,89 TL"
0,0,1,0,0,0,0,0,0,0,0,0,0,0,1,0,0,0,0,0,0,0,0,0,0,0,0,"299,90 TL"
0,0,1,0,0,0,0,0,0,0,0,0,0,0,2,0,0,0,0,1,0,0,0,0,0,0,0,"289,90 TL"
0,0,1,0,0,0,0,2,0,0,0,1,0,0,1,0,0,0,0,0,1,1,0,0,0,0,0,"254,94 TL"
0,0,2,0,0,0,0,3,0,0,0,1,0,0,6,0,0,0,0,0,0,2,0,0,0,0,0,"1.301,13 TL"
0,0,1,0,0,0,0,2,0,0,0,1,0,0,1,0,0,0,0,0,3,2,0,0,0,0,0,"377,99 TL"
0,0,1,0,0,0,0,0,2,0,0,1,0,1,1,0,0,0,0,0,1,1,0,0,0,0,0,359 TL
0,0,1,0,0,0,1,2,0,0,0,1,1,0,2,0,0,0,0,0,0,1,0,0,0,0,0,"405,66 TL"
0,0,0,0,0,0,0,0,0,0,0,0,0,0,1,0,0,0,0,0,0,0,0,0,0,0,0,1.749 TL
0,0,0,0,0,0,0,0,0,0,0,4,0,0,7,0,4,0,0,0,0,0,0,1,0,0,0,"249,80 TL"
1,0,1,0,0,0,0,0,0,0,0,4,0,0,1,2,4,0,0,4,0,0,0,1,0,0,1,187 TL
0,0,1,0,0,0,0,0,2,0,0,1,0,1,1,0,0,0,0,0,1,1,0,0,0,0,0,995 TL
1,0,1,0,0,0,10,2,1,0,4,1,4,0,1,1,0,0,0,4,1,1,0,0,0,0,1,"299,99 TL"
1,0,1,0,0,0,0,2,1,0,0,0,0,0,10,1,0,0,0,0,0,0,0,0,0,0,1,"229,03 TL"
0,0,0,0,0,0,0,0,0,0,0,4,0,0,1,0,4,0,0,0,0,0,0,1,0,0,0,259 TL
0,0,1,0,0,0,0,2,0,0,0,0,0,0,4,0,0,0,0,0,0,0,0,0,0,0,0,"179,90 TL"
0,0,0,0,0,0,0,0,0,0,0,0,0,0,5,0,0,0,0,0,0,0,0,0,0,0,0,1.100 TL
0,0,0,0,0,0,0,0,0,0,0,0,0,0,1,0,0,0,0,1,0,0,0,0,0,0,3,"399,90 TL"
0,0,1,0,0,0,0,3,0,0,0,1,0,0,1,0,0,0,0,0,0,0,0,0,0,0,0,"699,99 TL"
0,0,2,0,1,0,0,4,0,1,0,3,0,0,5,0,0,0,0,4,0,0,0,0,0,0,0,"149,95 TL"
0,0,0,0,0,0,0,0,0,0,0,0,0,0,5,0,0,0,0,0,0,0,0,0,0,0,0,"341,99 TL"
2,0,1,0,0,0,2,0,0,0,0,1,0,0,1,2,0,0,2,2,0,1,0,0,0,0,0,"644,90 TL"
0,0,1,0,0,0,2,0,1,0,0,1,1,0,1,0,0,0,0,0,3,1,0,0,0,0,0,"289,30 TL"
0,0,0,0,0,0,0,0,0,0,0,4,0,0,1,0,4,0,0,0,0,0,0,1,0,0,0,234 TL
0,0,1,0,0,0,0,0,0,1,0,0,0,0,1,0,0,0,2,0,0,0,0,0,0,1,0,875 TL
0,0,1,0,0,0,2,0,1,0,0,1,1,0,5,0,0,0,0,0,3,1,0,0,0,0,0,"242,67 TL"
0,0,1,0,0,0,0,0,0,0,0,0,0,0,2,0,0,0,0,0,0,0,0,0,0,0,0,"609,50 TL"
1,0,1,0,0,0,1,2,2,0,0,1,1,1,1,1,0,0,0,0,1,1,0,0,0,0,1,499 TL
3,0,1,0,0,0,0,0,1,0,0,0,0,0,1,0,0,0,0,0,0,0,0,0,0,0,0,"327,79 TL"
0,0,1,0,0,0,1,0,1,0,0,1,1,0,1,0,0,0,0,0,0,1,0,0,0,0,0,"213,18 TL"
0,0,0,0,0,0,0,0,0,0,0,0,0,0,4,0,0,0,0,0,0,0,0,0,0,0,0,"284,99 TL"
0,0,0,0,0,0,0,0,0,0,0,0,0,0,3,0,0,0,0,0,0,0,0,0,0,0,0,1.099 TL
0,0,1,0,0,0,0,2,0,0,0,1,0,0,2,0,0,0,0,0,1,0,0,0,0,0,0,"269,90 TL"
0,0,0,0,0,0,0,0,0,0,0,0,0,0,6,0,0,0,0,0,0,0,0,0,0,0,0,"202,49 TL"
3,0,0,0,0,0,0,0,0,0,0,0,0,0,1,0,0,0,0,1,0,0,0,0,0,0,0,"399,90 TL"
0,0,1,0,0,0,0,2,0,0,0,1,0,0,3,0,0,0,0,0,0,0,0,0,0,0,0,"3.644,99 TL"
0,0,1,0,0,0,0,2,0,0,0,1,0,0,4,0,0,0,0,5,0,0,0,0,0,0,0,937 TL
0,0,1,0,0,0,1,0,0,0,0,1,1,0,1,0,0,0,0,0,1,1,0,0,0,0,0,"359,95 TL"
0,0,0,0,0,0,0,0,0,0,0,4,0,0,8,0,4,0,0,0,0,0,0,1,0,0,0,229 TL
0,0,1,0,0,0,2,0,0,0,0,0,1,0,3,0,0,0,0,0,0,1,0,0,0,0,0,549 TL
0,0,0,0,0,0,0,0,0,0,0,0,0,0,2,0,0,0,0,0,0,0,0,0,0,0,0,849 TL
1,0,1,0,0,0,1,2,6,0,0,1,1,1,1,1,0,0,0,0,1,1,0,0,0,0,1,"224,99 TL"
1,0,2,0,0,1,1,0,2,0,1,0,3,0,4,1,0,0,2,1,0,1,0,0,0,0,1,"89,90 TL"
0,0,2,0,0,0,7,0,4,0,1,0,0,0,4,0,0,0,0,1,0,0,0,0,0,0,0,"40,04 TL"
0,0,2,0,0,0,7,0,4,0,0,0,0,0,12,0,0,0,0,0,0,0,0,0,0,0,0,"40,04 TL"
0,0,1,0,0,0,0,0,2,0,0,1,0,1,1,0,0,0,0,2,1,1,0,0,0,0,0,1.279 TL
0,0,1,0,0,0,0,2,0,0,0,3,0,0,1,0,0,0,0,2,0,0,0,0,0,0,0,1.140 TL
0,0,1,0,0,0,1,0,1,0,0,0,1,0,1,0,0,0,0,0,0,1,0,0,0,0,0,"294,97 TL"
0,0,0,0,0,0,0,0,0,0,0,0,0,0,4,0,0,0,0,0,0,0,0,0,0,0,0,"90,99 TL"
0,0,0,0,0,0,0,0,0,0,0,0,0,0,2,0,0,0,0,0,0,0,0,0,0,0,0,"599,95 TL"
1,0,1,0,0,0,0,2,0,0,0,0,0,0,2,0,0,0,0,5,0,0,0,0,0,0,0,"249,99 TL"
3,0,1,0,0,0,0,0,1,0,0,0,0,0,1,3,0,0,0,2,0,4,0,0,0,0,3,"199,48 TL"
0,0,0,0,0,0,0,0,0,0,0,0,0,0,2,0,0,0,0,0,0,0,0,0,0,0,0,"1.299,90 TL"
1,0,1,0,0,0,1,0,1,0,0,1,1,0,2,1,0,0,0,5,0,1,0,0,0,0,1,359 TL
1,0,2,0,0,0,0,2,0,0,0,1,0,0,1,0,0,0,0,0,2,0,0,0,0,0,0,"206,10 TL"
0,0,1,0,1,0,0,2,0,1,0,3,0,0,1,0,0,1,2,0,0,0,0,0,0,0,0,286 TL
1,0,1,0,0,0,1,0,1,0,0,1,1,0,1,0,0,0,0,5,0,1,0,0,0,0,1,399 TL
0,0,0,0,0,0,0,0,0,0,0,4,0,0,13,0,4,0,0,0,0,0,0,1,0,0,0,178 TL
3,0,6,0,0,0,1,0,1,0,1,0,0,0,1,0,0,0,0,1,0,1,0,0,0,0,0,"170,41 TL"
0,0,1,0,0,0,0,2,0,0,0,1,0,0,1,0,0,0,0,0,0,0,0,0,0,0,0,"829,99 TL"
2,0,1,0,0,0,1,0,1,0,0,1,1,0,3,0,0,0,0,0,1,1,0,0,0,0,0,"289,95 TL"
0,0,3,0,0,0,0,0,0,0,0,1,0,0,9,0,0,0,0,5,0,1,0,0,0,0,0,235 TL
3,0,1,0,0,2,0,3,1,0,0,0,0,0,5,3,0,0,0,1,3,0,0,0,0,0,3,"399,90 TL"
0,0,0,0,0,0,0,0,0,0,0,0,0,0,4,0,0,0,0,0,0,0,0,0,0,0,0,459 TL
1,0,1,0,0,1,3,2,2,0,11,1,3,1,1,1,0,0,0,5,1,1,0,0,0,0,1,"179,07 TL"
0,0,1,0,0,0,0,2,2,0,0,1,0,1,1,0,0,0,0,2,2,2,0,0,0,0,0,"987,26 TL"
0,0,1,0,0,0,1,0,0,0,0,1,1,0,1,0,0,0,0,0,1,1,0,0,0,0,0,"235,95 TL"
0,0,1,0,0,0,0,4,2,0,0,1,0,1,8,0,0,0,0,0,1,1,0,0,0,0,0,350 TL
0,0,3,0,2,0,0,3,0,1,0,1,0,0,1,0,0,0,0,0,0,2,0,0,0,0,0,"499,90 TL"
1,0,1,0,0,1,9,2,2,0,2,3,2,2,1,1,0,0,0,4,3,1,0,0,0,0,1,"188,79 TL"
1,0,1,0,0,0,0,2,0,1,0,3,0,0,1,2,0,0,2,3,0,0,0,0,0,0,1,"182,36 TL"
0,0,1,0,0,0,0,2,0,1,0,3,0,0,2,0,0,1,2,0,0,0,0,0,0,0,0,"349,90 TL"
0,0,0,0,0,0,0,0,0,0,0,0,0,0,1,0,0,0,0,0,0,0,0,0,0,0,0,1.799 TL
0,0,1,0,0,0,0,2,0,0,0,1,0,0,8,0,0,0,0,0,1,0,0,0,0,0,0,"176,94 TL"
2,0,1,0,0,3,5,2,2,0,2,1,2,0,3,2,0,0,0,3,5,1,0,0,0,0,2,"409,99 TL"
0,0,1,0,0,0,1,0,0,0,0,1,1,0,2,0,0,0,0,0,1,1,0,0,0,0,0,"449,95 TL"
0,0,3,0,0,0,0,0,0,1,0,1,0,0,1,0,0,1,2,0,0,0,0,0,0,0,0,295 TL
0,0,0,0,0,0,0,0,0,0,0,1,0,0,2,0,0,0,0,0,0,0,0,0,0,0,0,422 TL
0,0,0,0,0,0,0,0,0,0,0,4,0,0,1,0,4,0,0,0,0,0,0,1,0,0,0,"263,50 TL"
2,0,1,0,0,0,0,0,1,0,0,1,1,0,2,0,0,0,0,0,3,1,0,0,0,0,0,"251,65 TL"
2,0,1,0,0,0,1,0,0,0,0,1,1,0,1,2,0,0,0,0,1,1,0,0,0,0,2,"407,95 TL"
0,0,0,0,0,0,0,0,0,0,0,0,0,0,2,0,0,0,0,0,0,0,0,0,0,0,0,1.089 TL
0,0,2,0,2,0,6,3,0,1,0,1,0,0,1,0,0,1,2,0,0,2,0,0,0,1,0,"269,99 TL"
0,0,1,0,0,0,0,2,0,0,0,1,0,0,4,0,0,0,0,0,1,0,0,0,0,0,0,"1.549,90 TL"
1,0,1,0,0,0,0,0,0,0,0,1,0,0,1,0,0,0,0,2,0,0,0,0,0,0,1,"423,18 TL"
2,0,2,0,0,0,0,0,0,0,0,1,0,0,1,0,0,0,0,0,0,0,0,0,0,0,0,"234,90 TL"
0,0,0,0,0,0,0,2,0,0,0,1,0,0,2,0,0,0,0,0,1,1,0,0,0,0,0,2.185 TL
0,0,1,0,0,0,0,2,0,0,0,1,0,0,1,0,0,0,0,0,1,0,0,0,0,0,0,"121,10 TL"
0,0,2,0,0,0,0,4,0,0,0,1,0,0,1,0,0,0,0,0,1,0,0,0,0,0,0,"208,31 TL"
0,0,1,0,0,0,0,2,0,0,0,0,0,0,1,0,0,0,2,0,0,0,0,0,0,0,0,"1.408,84 TL"
1,0,1,1,0,0,0,0,0,0,0,0,0,0,8,0,0,0,0,0,0,0,0,1,0,0,1,182 TL
0,0,1,0,0,0,0,2,0,0,0,1,0,0,1,0,0,0,0,0,1,0,0,0,0,0,0,137 TL
2,0,1,0,0,2,8,2,4,0,1,3,2,0,2,1,0,0,0,1,2,1,0,0,0,0,1,"399,99 TL"
0,0,1,0,0,0,0,2,0,0,0,3,0,0,1,0,0,0,0,0,2,0,0,0,0,0,0,999 TL
0,0,1,0,0,0,0,2,0,0,0,1,0,0,2,0,0,0,0,0,1,0,0,0,0,0,0,"389,55 TL"
0,0,1,0,0,0,1,0,0,0,0,0,2,0,4,0,0,0,0,0,0,1,0,0,0,0,0,"385,95 TL"
0,0,1,0,0,0,0,0,0,0,0,1,0,0,1,0,0,0,0,0,0,0,0,0,0,0,0,"292,98 TL"
0,0,0,0,0,0,0,0,0,0,0,0,0,0,2,0,0,0,0,0,0,0,0,0,0,0,0,"546,96 TL"
0,0,0,0,0,0,0,0,0,0,0,0,0,0,1,0,0,0,0,0,0,0,0,0,0,0,0,495 TL
0,0,0,0,0,0,0,0,0,0,0,0,0,0,10,0,0,0,0,0,0,0,0,0,0,0,0,3.899 TL
0,0,0,0,0,0,0,0,0,0,0,0,0,0,5,0,0,0,0,0,0,0,0,0,0,0,0,"119,03 TL"
0,0,1,0,0,0,0,2,0,0,0,1,0,0,12,0,0,0,0,2,1,0,0,0,0,0,0,1.279 TL
0,0,0,0,0,0,0,0,0,0,0,0,0,0,2,0,0,0,0,0,0,0,0,0,0,0,1,"373,29 TL"
0,0,2,0,0,0,0,3,0,0,0,1,0,0,5,0,0,0,0,0,0,2,0,0,0,0,0,1.449 TL
0,0,1,0,0,0,1,5,0,0,0,1,1,0,13,0,0,0,0,0,0,4,0,0,0,0,0,"281,28 TL"
0,0,1,0,0,0,1,2,0,0,0,1,0,0,1,0,0,0,0,0,0,0,0,0,0,0,0,"249,90 TL"
0,0,0,0,0,0,0,0,0,0,0,0,0,0,1,0,0,0,0,0,0,0,0,0,0,0,0,549 TL
0,0,0,0,0,0,0,0,0,0,0,0,0,0,2,0,0,0,0,0,0,0,0,0,0,0,0,"444,20 TL"
0,0,1,0,1,0,0,2,0,0,0,3,0,0,1,0,0,0,2,0,0,2,0,0,0,0,0,"399,90 TL"
0,0,2,0,0,0,0,0,0,0,0,0,0,0,7,0,0,0,0,2,0,0,0,0,0,0,0,"61,65 TL"
0,0,0,0,0,0,0,0,0,0,0,0,0,0,10,0,0,0,0,0,0,0,0,0,0,0,0,"83,04 TL"
0,0,1,0,0,0,0,2,0,0,0,1,0,0,1,0,0,0,0,0,1,1,0,0,0,0,0,"829,80 TL"
1,0,1,0,0,0,1,2,0,0,0,1,4,0,1,1,0,0,0,3,4,1,0,0,0,0,1,"241,89 TL"
1,0,1,0,0,0,1,2,0,0,0,1,4,0,1,1,0,0,0,3,4,1,0,0,0,0,1,"241,89 TL"
1,0,1,0,0,0,1,0,1,0,0,1,1,0,2,1,0,0,0,5,0,1,0,0,0,0,1,359 TL
0,0,1,0,0,0,1,0,0,0,0,1,1,0,1,0,0,0,0,0,1,1,0,0,0,0,0,"429,95 TL"
0,0,0,0,0,0,0,0,0,0,0,0,0,0,10,0,0,0,0,0,0,0,0,0,0,0,0,2.799 TL
0,0,0,0,0,0,0,0,0,0,0,0,0,0,1,0,0,0,0,0,0,0,0,0,0,0,0,"529,99 TL"
0,0,1,0,0,0,1,4,0,0,0,1,0,0,1,0,0,0,0,0,2,2,0,0,0,0,0,496 TL
0,0,1,0,0,0,0,2,0,0,0,1,0,0,1,0,0,0,0,0,1,1,0,0,0,0,0,"706,60 TL"
0,0,0,0,0,0,0,0,0,0,0,0,0,0,2,0,0,0,0,0,0,0,0,0,0,0,0,1.859 TL
0,0,0,0,0,0,0,0,0,0,0,0,0,0,8,0,0,0,2,0,0,0,0,0,0,0,0,"65,55 TL"
0,0,0,0,0,0,0,0,0,0,0,0,0,0,11,0,0,0,0,0,0,0,0,0,0,0,0,119 TL
0,0,0,0,0,0,0,0,0,0,0,0,0,0,3,0,0,0,2,3,0,0,0,0,0,0,0,"72,69 TL"
0,0,2,0,2,0,0,3,0,1,0,3,0,0,1,0,0,1,2,0,0,3,0,0,0,0,0,"987,99 TL"
0,0,1,0,0,0,0,0,2,0,0,1,0,1,2,0,0,0,0,0,0,0,0,0,0,0,0,"849,90 TL"
0,0,0,0,0,0,0,0,0,0,0,0,0,0,1,0,0,0,0,0,0,0,0,0,0,0,0,"399,95 TL"
0,0,0,0,0,0,0,2,0,0,0,1,0,0,1,0,0,0,0,0,0,0,0,0,0,0,0,"1.119,20 TL"
0,0,1,0,0,0,2,0,0,0,0,0,1,0,10,0,0,0,0,0,0,1,0,0,0,0,0,489 TL
0,0,1,0,0,0,2,0,0,0,0,0,1,0,2,0,0,0,0,0,0,1,0,0,0,0,0,489 TL
0,0,1,0,0,0,1,0,1,0,0,0,1,0,1,0,0,0,0,0,0,1,0,0,0,0,0,"219,42 TL"
0,0,1,0,0,0,1,5,0,0,0,1,1,0,3,0,0,0,0,0,0,4,0,0,0,0,0,"292,37 TL"
0,0,0,0,0,0,0,0,0,0,0,0,0,0,10,0,0,0,0,0,0,0,0,0,0,0,0,2.750 TL
0,0,1,0,0,0,0,2,0,0,0,1,0,0,1,0,0,0,0,0,0,0,0,0,0,0,0,1.229 TL
2,0,0,0,0,0,0,0,0,0,0,0,0,0,3,0,0,0,0,3,0,0,0,0,0,0,1,"239,99 TL"
0,0,1,0,0,0,2,0,0,0,0,1,1,0,3,0,0,0,0,0,0,1,0,0,0,0,0,"219,81 TL"
0,0,0,0,0,0,0,0,0,0,0,0,0,0,1,0,0,0,0,0,0,0,0,0,0,0,0,"150,88 TL"
1,0,1,0,0,0,1,2,0,1,0,3,0,0,1,0,0,0,2,2,0,0,0,0,0,0,1,479 TL
0,0,1,0,0,0,0,2,0,1,0,3,0,0,2,0,0,1,2,0,0,0,0,0,0,0,0,"349,90 TL"
0,0,0,0,0,0,0,0,0,0,0,0,0,0,2,0,0,0,0,0,0,0,0,0,0,0,0,499 TL
0,0,1,0,1,0,0,2,0,2,0,3,0,0,1,0,0,1,0,0,0,3,0,0,0,0,0,"419,40 TL"
0,0,1,0,0,0,0,0,0,0,0,1,0,0,1,0,0,0,0,0,0,2,0,0,0,0,0,1.399 TL
2,0,1,3,0,0,0,0,0,0,0,0,0,0,7,0,0,0,0,3,0,0,1,1,0,0,0,"119,99 TL"
0,0,1,0,0,0,1,0,1,0,0,0,1,0,8,0,0,0,0,0,0,1,0,0,0,0,0,"232,34 TL"
2,0,1,0,0,0,1,0,0,0,0,1,1,0,2,2,0,0,0,0,1,1,0,0,0,0,2,"479,95 TL"
3,0,1,0,0,0,0,3,0,0,0,1,0,0,1,3,0,0,0,0,1,0,0,0,0,0,3,"750,86 TL"
0,0,1,0,0,0,1,0,0,0,0,1,1,0,2,0,0,0,0,0,1,1,0,0,0,0,0,"479,95 TL"
0,0,1,0,0,0,1,2,0,0,0,1,2,0,1,0,0,0,0,0,1,1,0,0,0,0,0,497 TL
3,0,2,0,0,2,0,0,0,0,0,0,0,0,12,3,0,0,0,2,0,0,0,0,0,0,3,"469,99 TL"
2,0,1,0,0,0,4,2,0,0,0,1,1,0,2,2,0,0,0,0,2,1,0,0,0,0,2,"558,95 TL"
0,0,1,0,0,0,0,0,0,0,0,3,0,0,3,0,0,0,0,0,0,0,0,0,0,0,0,"212,51 TL"
0,0,1,0,0,0,0,2,0,0,0,1,0,0,1,0,0,0,0,0,1,0,0,0,0,0,0,"1.979,01 TL"
0,0,1,0,0,0,1,0,0,0,0,1,1,0,1,0,0,0,0,0,1,1,0,0,0,0,0,459 TL
0,0,1,0,0,0,0,0,1,0,0,0,0,0,1,0,0,0,0,0,3,0,0,0,0,0,0,"254,99 TL"
1,0,3,0,2,3,1,2,0,1,0,1,0,0,1,1,0,0,0,4,0,3,0,0,0,0,1,"100,24 TL"
0,0,1,0,0,0,0,0,0,0,0,1,1,0,2,0,0,0,0,0,1,2,0,0,0,0,0,389 TL
0,0,1,0,0,0,2,0,1,0,0,1,1,0,3,0,0,0,0,0,3,1,0,0,0,0,0,"379,95 TL"
0,0,0,0,0,0,0,0,0,0,0,4,0,0,1,0,4,0,0,0,0,0,0,1,0,0,0,187 TL
0,0,1,0,0,0,0,0,0,0,0,0,0,0,1,0,0,0,0,0,0,0,0,0,0,0,0,"341,40 TL"
0,0,0,0,0,0,0,0,0,0,0,0,0,0,3,0,0,0,0,0,0,0,0,0,0,0,0,"449,95 TL"
0,0,1,0,0,0,0,0,0,0,0,1,0,0,1,0,0,0,0,0,0,0,0,0,0,0,0,"249,90 TL"
0,0,1,0,0,0,0,0,0,0,0,1,1,0,2,0,0,0,0,0,1,2,0,0,0,0,0,389 TL
0,0,1,0,0,0,2,0,1,0,0,1,1,0,3,0,0,0,0,0,3,1,0,0,0,0,0,"379,95 TL"
0,0,0,0,0,0,0,0,0,0,0,4,0,0,1,0,4,0,0,0,0,0,0,1,0,0,0,187 TL
0,0,0,0,0,0,0,0,0,0,0,0,0,0,1,0,0,0,0,0,0,0,0,0,0,0,0,"315,39 TL"
0,0,0,0,0,0,0,0,0,0,0,0,0,0,3,0,0,0,0,0,0,0,0,0,0,0,0,"449,95 TL"
0,0,1,0,0,0,0,0,0,0,0,1,0,0,1,0,0,0,0,0,0,0,0,0,0,0,0,"249,90 TL"
1,0,1,0,0,0,0,2,2,0,0,1,0,1,2,2,0,0,0,3,2,2,0,0,0,0,1,"149,90 TL"
0,0,1,0,0,0,0,0,0,0,0,4,0,0,2,0,1,0,0,0,0,0,0,0,0,0,0,"228,19 TL"
0,0,0,0,0,0,0,0,0,0,0,4,0,0,1,0,4,0,0,0,0,0,0,1,0,0,0,234 TL
0,0,1,0,0,0,1,2,0,0,0,1,1,0,2,0,0,0,0,0,1,1,0,0,0,0,0,"499,95 TL"
0,0,0,0,0,0,0,0,0,0,0,0,0,0,10,0,0,0,0,0,0,0,0,0,0,0,0,799 TL
0,0,1,0,0,0,0,4,0,0,0,1,0,0,1,0,0,0,0,0,0,0,0,0,0,0,0,"258,80 TL"
2,0,1,0,0,0,0,0,1,0,0,1,1,0,1,0,0,0,0,0,3,1,0,0,0,0,0,"239,21 TL"
0,0,0,0,0,0,0,0,0,0,0,0,0,0,1,0,0,0,0,0,0,0,0,0,0,0,0,"1.019,90 TL"
2,0,1,0,0,3,5,2,2,0,2,1,2,0,1,2,0,0,0,3,5,1,0,0,0,0,2,"409,99 TL"
0,0,0,0,0,0,0,0,0,0,0,0,0,0,1,0,0,0,0,0,0,0,0,0,0,0,0,"399,99 TL"
0,0,1,0,0,0,0,0,0,0,0,0,0,0,1,0,0,0,0,0,0,0,0,0,0,0,0,"249,99 TL"
3,0,3,0,0,2,1,3,3,1,8,3,0,1,1,3,0,0,2,2,0,3,0,0,0,0,3,"499,90 TL"
0,0,3,0,0,0,0,3,0,0,0,3,0,0,1,0,0,0,0,0,0,0,0,0,0,0,0,"499,90 TL"
2,0,1,0,0,0,2,0,0,0,0,1,1,0,1,2,0,0,0,2,1,1,0,0,0,0,2,"299,90 TL"
1,0,1,0,0,0,0,2,2,0,0,1,0,1,2,1,0,0,0,0,1,1,0,0,0,0,1,"819,29 TL"
0,0,1,0,0,0,2,0,0,0,0,1,1,0,2,0,0,0,0,0,1,1,0,0,0,0,0,"392,95 TL"
0,0,1,0,0,0,0,0,0,0,0,0,0,0,1,0,0,0,0,0,0,0,0,0,0,0,0,"264,99 TL"
0,0,1,0,0,0,2,0,0,0,0,0,1,0,10,0,0,0,0,0,0,1,0,0,0,0,0,"469,30 TL"
0,0,1,0,0,0,1,0,0,0,0,1,1,0,1,0,0,0,0,0,1,1,0,0,0,0,0,"355,95 TL"
0,0,1,0,0,0,1,0,0,0,0,1,1,0,2,0,0,0,0,0,1,1,0,0,0,0,0,"1.399,90 TL"
1,0,1,0,0,0,1,2,2,0,0,1,1,1,1,1,0,0,0,0,1,1,0,0,0,0,1,"269,30 TL"
0,0,1,0,0,0,2,0,0,0,0,0,1,0,10,0,0,0,0,0,0,1,0,0,0,0,0,"519,95 TL"
0,0,1,0,0,0,0,0,0,0,0,1,0,0,1,0,0,0,0,0,0,0,0,0,0,0,0,"899,95 TL"
0,0,1,0,0,0,0,0,0,0,0,1,0,0,1,0,0,0,0,0,0,0,0,0,0,0,0,249 TL
0,0,1,0,0,0,0,0,0,0,0,1,1,0,4,0,0,0,0,0,1,2,0,0,0,0,0,389 TL
1,0,5,0,2,3,0,5,1,1,12,3,0,0,1,2,0,0,2,4,0,2,0,0,0,0,1,"147,49 TL"
1,0,1,0,0,0,1,2,0,0,0,1,4,0,1,1,0,0,0,3,4,1,0,0,0,0,1,"241,89 TL"
1,0,1,0,0,0,1,0,1,0,0,1,1,0,2,0,0,0,0,5,0,1,0,0,0,0,1,399 TL
1,0,1,0,0,0,1,2,0,0,0,1,4,0,1,1,0,0,0,3,4,1,0,0,0,0,1,"233,99 TL"
0,0,0,0,0,0,0,0,0,0,0,0,0,0,4,0,0,0,0,0,0,0,0,0,0,0,0,249 TL
0,0,1,0,0,0,1,2,0,0,0,1,1,0,3,0,0,0,0,0,0,1,0,0,0,0,0,"406,60 TL"
2,0,1,0,0,0,1,0,1,0,0,1,2,0,3,0,0,0,0,1,0,1,0,0,0,0,0,"214,69 TL"
0,0,1,0,0,0,0,0,0,0,0,1,0,0,1,0,0,0,0,0,0,0,0,0,0,0,0,"399,95 TL"
0,0,1,0,0,0,0,0,0,0,0,1,0,0,3,0,0,0,0,0,0,0,0,0,0,0,0,"187,20 TL"
0,0,0,0,0,0,0,0,0,0,0,0,0,0,6,0,0,0,0,0,0,0,0,0,0,0,0,"1.019,90 TL"
0,0,0,0,0,0,0,0,0,0,0,1,0,0,1,0,0,0,0,0,1,1,0,0,0,0,0,"979,90 TL"
0,0,1,0,0,0,0,2,0,0,0,0,0,0,1,0,0,0,0,0,0,0,0,0,0,0,0,"499,99 TL"
0,0,0,0,0,0,0,0,0,0,0,0,0,0,1,0,0,0,0,0,0,0,0,0,0,0,0,949 TL
0,0,1,0,0,0,0,2,0,0,0,1,0,0,3,0,0,0,0,0,0,0,0,0,0,0,0,"314,93 TL"
0,0,1,0,0,0,0,0,0,0,0,1,0,0,5,0,0,0,0,0,0,0,0,0,0,0,0,"290,69 TL"
0,0,0,0,0,0,0,0,0,0,0,0,0,0,1,0,0,0,0,0,0,1,0,0,0,0,0,"84,69 TL"
0,0,2,0,0,0,7,0,4,0,1,0,0,0,4,0,0,0,0,1,0,0,0,0,0,0,0,"40,04 TL"
0,0,0,0,0,0,0,0,0,0,0,0,0,0,1,0,0,0,0,0,0,0,0,0,0,0,0,"799,95 TL"
1,0,1,0,0,1,1,2,1,0,4,1,2,0,2,1,0,0,0,2,1,1,0,0,0,0,1,"119,99 TL"
0,0,1,0,0,0,1,0,1,0,0,1,1,0,1,0,0,0,0,1,3,1,0,0,0,0,0,"234,33 TL"
0,0,1,0,0,0,2,0,1,0,0,1,1,0,5,0,0,0,0,0,3,1,0,0,0,0,0,"379,95 TL"
1,0,1,0,0,0,2,0,1,1,0,1,1,0,1,1,0,0,0,2,0,1,0,0,0,0,1,549 TL
0,0,0,0,0,0,0,0,0,0,0,0,0,0,1,0,0,1,0,0,0,0,0,0,0,0,0,"219,99 TL"
1,0,1,0,0,0,0,2,2,0,0,1,0,1,1,2,0,0,0,3,2,2,0,0,0,0,1,"149,90 TL"
0,0,1,0,0,0,1,0,0,0,0,1,1,0,1,0,0,0,0,0,1,1,0,0,0,0,0,"374,90 TL"
3,0,5,0,4,2,0,3,1,1,3,3,0,0,1,3,0,0,2,2,0,1,0,0,0,0,3,"429,99 TL"
0,0,1,0,0,0,0,0,0,0,0,0,0,0,1,0,0,0,0,0,1,0,0,0,0,0,0,"499,95 TL"
0,0,0,0,0,0,0,3,0,0,0,0,0,0,1,0,0,0,0,0,0,0,0,0,0,0,0,"1.045,50 TL"
0,0,1,0,0,0,1,0,0,0,0,1,1,0,1,0,0,0,0,2,1,1,0,0,0,0,0,499 TL
2,0,1,0,0,0,0,0,1,0,0,1,1,0,3,0,0,0,0,0,3,1,0,0,0,0,0,"229,13 TL"
0,0,1,0,0,0,2,2,3,0,0,1,1,0,2,0,0,0,0,0,0,1,0,0,0,0,0,"235,97 TL"
0,0,5,0,0,0,0,2,0,1,0,3,0,0,1,0,0,0,2,0,0,2,0,0,0,0,0,"199,90 TL"
0,0,3,0,2,0,0,3,0,1,0,1,0,0,1,0,0,0,2,0,0,0,0,0,0,0,0,"499,90 TL"
0,0,0,0,0,0,1,0,0,0,0,0,0,0,4,0,0,0,0,0,0,0,0,0,0,0,0,3.899 TL
0,0,1,0,0,0,1,2,0,0,0,1,1,0,1,0,0,0,0,0,1,1,0,0,0,0,0,"303,99 TL"
1,0,1,1,0,0,0,0,0,0,0,0,0,0,7,2,0,0,0,4,0,0,1,1,1,0,1,"251,56 TL"
0,0,1,2,0,0,0,0,0,0,0,0,0,0,8,0,0,0,0,0,0,0,1,1,1,0,0,223 TL
0,0,1,0,0,0,1,0,1,0,0,1,1,0,1,0,0,0,0,3,0,1,0,0,0,0,0,395 TL
1,0,1,0,0,0,0,0,0,0,0,1,0,0,3,0,0,0,0,2,0,0,0,0,0,0,1,"423,18 TL"
0,0,1,0,0,0,0,4,0,0,0,3,0,0,1,0,0,0,0,0,1,0,0,0,0,0,0,"299,90 TL"
1,0,3,0,0,0,0,0,1,0,3,3,0,0,1,0,0,0,2,2,0,0,0,0,0,0,1,"280,45 TL"
0,0,0,0,0,0,0,0,0,0,0,0,0,0,1,0,0,0,0,0,0,0,0,0,0,0,0,"170,51 TL"
0,0,2,0,0,0,0,3,0,0,0,1,0,0,1,0,0,0,0,0,0,2,0,0,0,0,0,1.329 TL
2,0,1,0,0,0,2,2,1,0,0,1,1,0,1,2,0,0,0,0,0,1,0,0,0,0,2,"236,07 TL"
0,0,0,0,0,0,0,0,0,0,0,0,0,0,1,0,0,0,0,0,0,0,0,0,0,0,0,"105,69 TL"
0,0,4,0,0,0,0,0,0,0,0,0,0,0,1,0,0,0,0,0,0,4,0,0,0,0,0,"311,80 TL"
0,0,1,0,0,0,0,2,0,0,0,1,0,0,1,0,0,0,0,0,1,0,0,0,0,0,0,1.299 TL
0,0,1,1,0,0,0,4,0,0,0,5,0,0,2,0,5,0,0,2,0,0,0,0,0,0,0,619 TL
0,0,0,0,0,0,0,0,0,0,0,0,0,0,5,0,0,0,0,0,0,0,0,0,0,0,0,1.749 TL
0,0,3,0,0,0,0,3,0,0,0,3,0,0,1,0,0,0,0,0,0,0,0,0,0,0,0,979 TL
0,0,1,0,0,2,1,0,0,0,0,0,0,0,2,0,0,0,0,0,0,0,0,0,0,0,0,164 TL
0,0,1,0,0,0,0,3,0,0,0,3,0,0,2,0,0,0,0,0,6,0,0,0,0,0,0,"1.075,53 TL"
0,0,0,0,0,0,0,0,0,0,0,0,0,0,1,0,0,0,0,0,0,0,0,0,0,0,0,139 TL
0,0,0,0,0,0,0,0,0,0,0,1,0,0,15,0,0,0,0,0,0,0,0,0,0,0,0,"464,25 TL"
0,0,0,0,0,0,0,0,0,0,0,0,0,0,10,0,0,0,0,0,0,0,0,0,0,0,0,"274,99 TL"
0,0,3,0,2,0,6,4,3,1,0,3,0,0,1,0,0,1,2,0,0,2,0,0,0,1,0,296 TL
3,0,0,0,0,0,0,0,0,0,0,0,0,0,1,0,0,0,0,0,0,0,0,0,0,0,0,"253,16 TL"
0,0,0,0,0,0,0,0,0,0,0,0,0,0,2,0,0,0,0,0,0,0,0,0,0,0,0,1.094 TL
2,0,1,0,0,0,1,0,1,0,0,1,2,0,1,0,0,0,0,1,0,1,0,0,0,0,0,"247,58 TL"
0,0,1,0,0,0,0,4,0,0,0,3,0,0,1,0,0,0,0,0,1,0,0,0,0,0,0,"349,90 TL"
0,0,1,0,0,0,0,4,0,0,0,1,0,0,6,0,0,0,0,0,1,0,0,0,0,0,0,"255,64 TL"
0,0,1,0,3,0,6,2,0,1,0,1,0,0,1,0,0,1,2,0,0,3,0,0,0,1,0,"419,90 TL"
1,0,5,0,2,3,0,5,1,1,12,3,0,0,1,2,0,0,2,4,0,2,0,0,0,0,1,"147,49 TL"
0,0,1,0,0,0,0,2,0,0,0,1,0,0,1,0,0,0,0,0,1,0,0,0,0,0,0,"259,99 TL"
0,0,1,0,0,0,0,0,0,0,0,0,0,0,1,0,0,0,0,0,1,0,0,0,0,0,0,"499,95 TL"
0,0,0,0,0,0,0,0,0,1,0,0,0,0,1,0,0,0,0,0,0,0,0,0,0,0,0,"379,90 TL"
0,0,1,0,0,0,0,0,0,1,0,1,0,0,1,0,0,1,0,0,0,2,0,0,0,0,0,287 TL
0,0,1,0,0,0,2,0,1,0,0,1,1,0,1,0,0,0,0,0,3,1,0,0,0,0,0,"285,71 TL"
1,0,1,0,0,0,0,2,2,0,0,1,0,1,1,2,0,0,0,3,2,2,0,0,0,0,1,"149,90 TL"
0,0,0,0,0,0,15,0,3,0,0,0,0,0,1,0,0,0,0,0,0,1,0,0,0,0,0,"247,82 TL"
0,0,2,0,2,0,0,2,0,1,0,3,0,0,1,0,0,0,0,0,0,0,0,0,0,0,0,130 TL
0,0,1,0,3,0,0,3,0,2,0,1,0,0,1,0,0,1,2,0,0,0,0,0,0,0,0,755 TL
0,0,1,0,0,0,0,2,0,0,0,3,0,0,3,0,0,0,0,0,0,0,0,0,0,0,0,"305,22 TL"
0,0,1,0,0,0,0,2,0,0,0,1,0,0,1,0,0,0,0,0,1,0,0,0,0,0,0,"294,99 TL"
0,0,1,0,0,0,0,2,0,0,0,1,0,0,1,0,0,0,0,0,1,0,0,0,0,0,0,"399,99 TL"
0,0,1,0,0,0,0,2,0,0,0,3,0,0,2,0,0,0,0,2,0,0,0,0,0,0,0,999 TL
1,0,1,0,0,0,3,2,3,0,0,1,2,0,1,1,0,0,0,1,2,2,0,0,0,0,1,"469,90 TL"
0,0,1,0,0,0,0,2,0,0,0,1,0,0,9,0,0,0,0,0,1,0,0,0,0,0,0,"421,99 TL"
0,0,1,0,0,0,0,2,0,0,0,1,0,0,8,0,0,0,0,0,0,0,0,0,0,0,0,770 TL
0,0,0,0,0,0,0,0,0,0,0,0,0,0,9,0,0,0,0,0,0,0,0,0,0,0,0,599 TL
1,0,1,0,0,0,3,0,3,0,0,0,2,0,2,1,0,0,0,1,0,2,0,0,0,0,1,"469,90 TL"
3,0,1,0,0,0,0,0,0,0,0,0,0,0,1,3,0,0,0,1,0,0,0,0,0,0,3,"349,90 TL"
0,0,0,0,0,0,0,0,0,0,0,0,0,0,1,0,0,0,0,0,0,0,0,0,0,0,0,"499,95 TL"
0,0,0,0,0,0,0,0,0,0,0,0,0,0,1,0,0,0,0,0,0,0,0,0,0,0,0,"349,99 TL"
0,0,0,0,0,0,0,0,0,0,0,0,0,0,6,0,0,0,0,0,0,0,0,0,0,0,0,"113,07 TL"
1,0,1,0,0,0,1,2,0,0,0,1,4,0,1,1,0,0,0,3,4,1,0,0,0,0,1,"233,99 TL"
1,0,1,0,0,0,3,2,3,0,0,1,2,0,5,1,0,0,0,1,3,2,0,0,0,0,1,"469,90 TL"
0,0,1,0,0,0,0,4,0,0,0,1,0,0,1,0,0,0,0,0,1,1,0,0,0,0,0,"119,90 TL"
0,0,1,0,0,0,2,0,0,0,0,0,2,0,4,0,0,0,0,0,0,1,0,0,0,0,0,"344,95 TL"
0,0,1,0,0,0,1,0,1,0,0,1,1,0,2,0,0,0,0,0,0,1,0,0,0,0,0,"241,58 TL"
0,0,0,0,0,0,0,0,0,0,0,0,0,0,1,0,0,0,0,1,0,0,0,0,0,0,3,"399,90 TL"
0,0,1,0,0,0,1,2,0,0,0,1,1,0,1,0,0,0,0,0,1,1,0,0,0,0,0,"450,95 TL"
1,0,1,0,0,0,0,2,0,0,0,1,0,0,1,1,0,0,0,0,2,0,0,0,0,0,1,"131,86 TL"
1,0,2,0,0,1,1,0,2,0,1,0,3,0,4,1,0,0,2,1,0,1,0,0,0,0,1,"55,60 TL"
0,0,1,0,0,0,0,2,0,0,0,1,0,0,1,0,0,0,0,0,1,1,0,0,0,0,0,1.519 TL
1,0,0,0,0,0,1,0,5,0,0,0,0,0,1,1,0,0,1,4,0,1,0,0,0,0,1,"119,90 TL"
0,0,0,0,0,0,0,0,0,0,0,0,0,0,7,0,0,0,2,3,0,0,0,0,0,0,0,"64,35 TL"
0,0,0,0,0,0,0,0,0,0,0,0,0,0,3,0,0,0,0,0,0,0,0,0,0,0,0,299 TL
3,0,0,0,0,0,0,0,0,0,0,0,0,0,1,3,0,0,0,2,0,1,0,0,0,0,3,"287,99 TL"
1,0,0,0,0,0,0,0,0,0,0,0,0,0,1,0,0,0,0,4,0,0,0,0,0,0,0,"113,36 TL"
2,0,1,0,0,0,0,2,0,0,0,1,0,0,1,2,0,0,0,3,1,1,0,0,0,0,1,"289,90 TL"
1,0,1,1,0,0,0,0,0,0,0,0,0,0,1,0,0,0,0,0,0,0,0,1,0,0,1,185 TL
1,0,2,0,0,1,1,0,7,0,7,0,3,0,14,1,0,0,1,2,0,1,0,0,0,0,1,"151,99 TL"
0,0,0,0,0,0,0,0,0,0,0,0,0,0,5,0,0,0,0,0,0,0,0,0,0,0,0,"94,90 TL"
1,0,0,0,0,0,0,0,0,0,0,1,0,0,2,0,0,0,0,0,0,0,0,0,0,0,0,"169,90 TL"
0,0,1,0,0,0,1,2,3,1,1,1,0,0,1,0,0,1,2,1,0,4,0,0,0,0,1,"298,09 TL"
0,0,0,0,0,0,0,0,0,0,0,1,0,0,14,0,0,0,0,0,0,0,0,0,0,0,0,"621,75 TL"
0,0,0,0,0,0,0,0,0,0,0,0,0,0,1,0,0,0,0,0,0,0,0,0,0,0,0,"293,17 TL"
1,0,1,0,0,0,0,0,0,0,0,4,0,0,4,2,4,0,0,4,0,0,0,1,0,0,1,"189,90 TL"
0,0,1,0,0,0,2,2,3,0,0,1,1,0,3,0,0,0,0,0,0,1,0,0,0,0,0,"235,97 TL"
2,0,3,0,2,3,1,2,2,1,0,3,0,0,1,2,0,2,2,0,0,1,0,0,0,0,2,298 TL
0,0,0,0,0,0,0,0,0,0,0,0,0,0,6,0,0,0,0,0,0,0,0,0,0,0,0,763 TL
2,0,2,0,0,0,1,0,0,0,0,1,5,0,1,1,0,0,0,5,1,1,0,0,0,0,2,"259,90 TL"
1,0,1,0,0,0,0,2,0,0,0,1,0,0,1,0,0,0,0,0,0,0,0,0,0,0,0,929 TL
1,0,1,0,2,3,1,2,0,1,0,1,0,0,1,1,0,0,0,4,0,3,0,0,0,0,1,"100,24 TL"
1,0,1,0,0,0,0,0,0,0,0,1,0,0,3,0,0,0,0,0,0,0,0,0,0,0,1,869 TL
0,0,1,0,0,0,0,0,0,0,0,0,0,0,1,0,0,0,0,0,0,0,0,0,0,0,0,"549,99 TL"
0,0,1,0,0,0,0,0,0,0,0,0,0,0,1,0,0,0,0,0,0,0,0,0,0,0,0,"299,90 TL"
0,0,0,0,0,0,0,0,0,0,0,0,0,0,1,0,0,0,0,0,0,0,0,0,0,0,0,1.288 TL
0,0,0,0,0,0,0,0,0,0,0,0,0,0,1,0,0,0,0,0,0,0,0,0,0,0,0,"129,99 TL"
0,0,1,2,0,2,0,3,0,0,0,0,0,0,10,0,0,0,0,0,0,0,0,0,0,0,0,"5.749,90 TL"
2,0,2,0,2,0,0,2,0,2,0,3,0,0,5,0,0,0,1,0,0,3,0,0,0,0,2,"123,59 TL"
0,0,0,2,0,0,0,0,0,0,0,5,0,0,2,0,5,0,0,0,0,0,0,0,0,0,0,438 TL
0,0,1,0,0,0,0,2,0,0,0,1,0,0,1,0,0,0,0,0,0,0,0,0,0,0,0,"884,99 TL"
0,0,1,0,0,0,0,2,2,0,0,0,0,1,2,0,0,0,0,0,1,0,0,0,0,0,0,979 TL
0,0,1,0,0,0,0,2,0,0,0,1,0,0,6,0,0,0,0,0,1,0,0,0,0,0,0,"349,99 TL"
0,0,1,0,0,0,1,0,1,0,0,1,1,0,2,0,0,0,0,0,0,1,0,0,0,0,0,"206,47 TL"
0,0,0,0,0,0,0,0,0,0,0,0,0,0,1,0,0,0,0,0,0,0,0,0,0,0,0,"513,99 TL"
0,0,1,0,0,0,0,0,0,0,0,0,0,0,1,3,0,0,0,0,0,0,0,0,0,0,0,"499,99 TL"
1,0,1,0,2,2,3,3,1,1,3,3,0,1,1,3,0,1,1,3,0,1,0,0,0,0,1,"549,90 TL"
0,0,0,0,0,0,0,0,0,0,0,1,0,0,1,0,0,0,0,0,0,0,0,0,0,0,0,"699,99 TL"
0,0,0,0,0,0,0,0,0,0,0,0,0,0,2,0,0,0,0,0,0,0,0,0,0,0,0,"229,99 TL"
1,0,0,0,0,0,0,0,0,0,0,0,0,0,1,0,0,0,0,1,0,0,0,0,0,0,1,"206,91 TL"
0,0,0,0,0,0,0,0,0,0,0,0,0,0,3,0,0,0,0,0,0,0,0,0,0,0,0,"499,95 TL"
0,0,1,0,0,0,0,2,0,0,0,1,0,0,4,0,0,0,0,0,0,0,0,0,0,0,1,850 TL
1,0,2,0,0,1,1,0,7,0,7,0,3,0,3,1,0,0,1,2,0,1,0,0,0,0,1,"159,99 TL"
0,0,0,0,0,0,0,0,0,0,0,0,0,0,1,0,0,0,0,1,0,0,0,0,0,0,0,"159,90 TL"
0,0,0,0,0,0,0,0,0,0,0,0,0,0,1,0,0,0,0,0,0,0,0,0,0,0,0,"499,99 TL"
0,0,0,0,0,0,0,0,1,0,0,0,0,0,1,0,0,0,0,4,0,0,0,0,0,0,0,"120,67 TL"
0,0,0,0,0,0,0,0,0,0,0,0,0,0,7,0,0,0,0,0,0,0,0,0,0,0,0,899 TL
0,0,1,0,0,0,0,4,0,1,0,1,0,0,1,0,0,0,2,0,0,0,0,0,0,0,0,"429,90 TL"
0,0,0,0,0,0,0,0,0,0,0,1,0,0,9,0,0,0,0,0,0,0,0,0,0,0,0,"344,27 TL"
2,0,1,0,0,0,4,2,0,0,0,1,1,0,4,2,0,0,0,0,2,1,0,0,0,0,2,"450,95 TL"
0,0,1,0,0,0,0,2,0,0,0,1,0,0,2,0,0,0,0,0,1,0,0,0,0,0,0,"518,40 TL"
0,0,0,0,0,0,0,0,0,0,0,0,0,0,1,0,0,0,0,0,0,0,0,0,0,0,0,"178,27 TL"
3,0,1,0,0,0,0,0,0,0,0,0,0,0,1,0,0,0,0,2,0,0,0,0,0,0,0,"569,91 TL"
1,0,1,0,0,0,0,2,0,0,0,1,0,0,2,2,0,0,0,3,2,1,0,0,0,0,1,"453,99 TL"
0,0,0,0,0,0,0,0,0,0,0,0,0,0,1,0,0,0,0,0,0,0,0,0,0,0,0,494 TL
0,0,1,0,0,0,0,0,0,0,0,0,0,0,1,0,0,0,0,0,1,0,0,0,0,0,0,"399,95 TL"
0,0,1,0,0,0,0,4,0,0,0,1,0,0,2,0,0,0,0,0,1,0,0,0,0,0,0,"255,64 TL"
0,0,1,0,0,0,0,2,0,0,0,1,0,0,2,0,0,0,0,0,0,0,0,0,0,0,0,849 TL
1,0,4,0,0,0,0,0,2,0,0,0,0,0,1,2,0,0,0,1,0,1,0,0,0,0,1,"159,90 TL"
0,0,1,0,0,0,2,2,0,0,0,1,1,0,1,0,0,0,0,0,1,1,0,0,0,0,0,"330,95 TL"
0,0,0,0,0,0,0,0,0,0,0,0,0,0,1,0,0,0,0,0,0,0,0,0,0,0,0,"179,90 TL"
0,0,0,0,0,0,0,0,0,0,0,0,0,0,5,0,0,0,0,0,0,0,0,0,0,0,0,498 TL
1,0,1,0,0,0,1,2,0,0,0,1,4,0,1,1,0,0,0,3,4,1,0,0,0,0,1,"236,01 TL"
2,0,2,0,0,0,0,0,0,0,0,1,0,0,4,0,0,0,0,0,0,0,0,0,0,0,0,"239,90 TL"
0,0,2,0,0,0,0,3,0,1,0,3,0,0,1,0,0,0,2,0,0,0,0,0,0,0,0,"369,90 TL"
0,0,1,0,0,0,1,2,0,0,0,3,0,0,1,0,0,0,0,0,1,1,0,0,0,0,0,"294,97 TL"
0,0,0,0,0,0,0,0,0,0,0,0,0,0,1,0,0,0,0,0,0,0,0,0,0,0,0,"349,99 TL"
1,0,1,0,0,0,0,0,0,0,0,4,0,0,15,2,4,0,0,4,0,0,0,1,0,0,1,"199,99 TL"
0,0,1,0,0,0,0,2,0,0,0,3,0,0,2,0,0,0,0,2,0,0,0,0,0,0,0,899 TL
0,0,1,0,0,0,0,2,0,0,0,3,0,0,4,0,0,0,0,0,0,0,0,0,0,0,0,"304,90 TL"
0,0,1,0,0,0,1,0,1,0,0,0,1,0,3,0,0,0,0,0,0,1,0,0,0,0,0,"228,95 TL"
0,0,0,0,0,0,0,0,0,0,0,0,0,0,7,0,0,0,0,0,0,0,0,0,0,0,0,"119,62 TL"
0,0,0,0,0,0,0,0,0,0,0,0,0,0,8,0,0,0,0,0,0,0,0,0,0,0,0,"359,90 TL"
0,0,0,0,0,0,0,0,0,0,0,0,0,0,3,0,0,0,0,0,0,0,0,0,0,0,0,"1.039,95 TL"
0,0,1,0,0,0,0,2,1,0,0,1,0,0,1,0,0,0,0,0,4,0,0,0,0,0,0,"359,99 TL"
0,0,0,0,0,0,0,0,0,0,0,0,0,0,1,0,0,0,0,0,0,0,0,0,0,0,0,585 TL
0,0,0,0,0,0,0,0,0,0,0,0,0,0,6,0,0,0,0,0,0,0,0,0,0,0,0,"119,99 TL"
0,0,0,0,0,0,0,0,0,0,0,0,0,0,16,0,0,0,2,0,0,0,0,0,0,0,0,"112,22 TL"
1,0,1,0,0,0,1,2,0,0,0,1,2,0,4,0,0,0,0,0,1,1,0,0,0,0,0,"369,10 TL"
0,0,1,0,0,0,1,5,0,0,0,1,1,0,1,0,0,0,0,0,0,4,0,0,0,0,0,"287,33 TL"
0,0,4,0,3,0,0,0,0,1,0,3,0,0,1,0,0,0,0,0,0,2,0,0,0,0,0,329 TL
0,0,0,0,0,0,0,0,0,0,0,1,0,0,1,0,0,0,0,0,0,1,0,0,0,0,0,"139,90 TL"
0,0,0,0,0,0,0,0,0,0,0,0,0,0,1,0,0,0,0,0,0,0,0,0,0,0,0,"120,46 TL"
0,0,1,0,0,0,0,0,0,0,0,0,0,0,1,0,0,0,0,0,1,0,0,0,0,0,0,"699,95 TL"
0,0,0,0,0,0,0,0,0,0,0,0,0,0,1,0,0,0,0,0,0,0,0,0,0,0,0,"185,84 TL"
1,0,1,0,0,2,1,2,1,0,2,1,4,0,1,3,0,0,0,1,3,1,0,0,0,0,1,"250,95 TL"
1,0,1,0,0,3,3,2,2,0,0,1,2,1,3,2,0,0,0,5,2,2,0,0,0,0,1,"399,90 TL"
0,0,1,0,0,0,2,0,0,0,0,0,1,0,1,0,0,0,0,0,0,1,0,0,0,0,0,489 TL
0,0,1,0,0,0,0,0,0,0,0,3,0,0,1,0,0,0,0,0,0,0,0,0,0,0,0,"3.563,99 TL"
0,0,0,0,0,0,0,0,0,0,0,0,0,0,8,0,0,0,0,0,0,0,0,0,0,0,0,2.889 TL
0,0,0,0,0,0,0,0,0,0,0,0,0,0,2,0,0,0,0,0,0,0,0,0,0,0,0,864 TL
0,0,0,0,0,0,0,0,0,0,0,0,0,0,4,0,0,0,0,0,0,0,0,0,0,0,0,"258,26 TL"
0,0,0,0,0,0,0,0,0,0,0,0,0,0,1,0,0,0,0,0,0,0,0,0,0,0,0,145 TL
2,0,0,0,0,0,1,2,0,0,0,0,0,0,1,2,0,0,0,0,0,3,0,0,0,0,2,"299,90 TL"
1,0,1,0,2,2,1,3,0,1,1,3,0,1,13,3,0,0,2,2,0,2,0,0,0,0,1,"1.574,10 TL"
0,0,1,0,0,0,0,0,0,0,0,1,0,0,1,0,0,0,0,0,0,0,0,0,0,0,0,249 TL
0,0,3,0,2,0,0,3,0,1,0,1,0,0,1,0,0,0,2,0,0,2,0,0,0,0,0,"398,90 TL"
1,0,2,0,2,3,3,2,2,1,2,1,2,1,1,2,0,1,2,4,0,1,0,0,0,1,1,"249,90 TL"
2,0,3,0,2,3,1,2,2,1,0,3,0,0,1,2,0,2,2,0,0,1,0,0,0,0,2,298 TL
0,0,1,0,0,0,1,0,3,0,0,1,1,0,1,0,0,0,2,2,0,1,0,0,0,0,0,"364,99 TL"
0,0,2,0,0,0,0,4,0,0,0,3,0,0,1,0,0,0,0,0,0,0,0,0,0,0,0,"159,90 TL"
0,0,0,0,0,0,0,0,0,0,0,0,0,0,4,0,0,0,0,0,0,0,0,0,0,0,0,"296,99 TL"
0,0,1,0,0,0,0,2,0,0,0,1,0,0,2,0,0,0,0,0,1,0,0,0,0,0,0,"123,40 TL"
0,0,3,0,2,0,0,3,0,1,0,0,0,0,1,0,0,0,0,0,0,0,0,0,0,0,0,"459,90 TL"
0,0,1,0,0,0,0,2,0,0,0,0,0,0,1,0,0,0,2,0,0,2,0,0,0,0,0,1.509 TL
0,0,1,0,0,0,0,2,0,0,0,1,0,0,7,0,0,0,0,0,1,0,0,0,0,0,0,"349,99 TL"
3,0,0,0,0,0,0,0,0,0,0,1,0,0,1,0,0,0,0,2,0,0,0,0,0,0,0,"379,99 TL"
0,0,1,0,0,0,16,0,0,0,0,4,0,0,13,2,4,0,0,0,0,0,0,0,0,0,1,"2.999,90 TL"
1,0,1,0,0,0,0,2,0,0,0,3,0,0,2,0,0,0,0,0,0,0,0,0,0,0,0,219 TL
0,0,1,0,0,0,0,2,0,0,0,1,0,0,4,0,0,0,0,0,1,0,0,0,0,0,0,"1.199,90 TL"
0,0,0,0,0,0,0,0,0,0,0,0,0,0,2,0,0,0,0,0,0,0,0,0,0,0,0,"277,29 TL"
3,0,6,0,0,0,1,0,1,0,1,0,0,0,1,0,0,0,0,1,0,1,0,0,0,0,0,"170,41 TL"
2,0,0,0,0,0,1,2,0,0,0,0,0,0,5,2,0,0,0,0,0,3,0,0,0,0,2,"299,90 TL"
1,0,1,1,0,0,0,0,0,0,0,0,0,0,1,0,0,0,0,3,0,0,1,1,1,0,1,"249,90 TL"
0,0,0,0,0,0,0,0,0,0,0,0,0,0,1,0,0,0,0,0,0,0,0,0,0,0,0,399 TL
0,0,0,0,0,0,0,0,0,0,0,0,0,0,1,0,0,0,0,0,0,0,0,0,0,0,3,"217,57 TL"
0,0,0,0,0,0,0,0,0,0,0,0,0,0,1,0,0,0,0,0,0,0,0,0,0,0,0,878 TL
0,0,0,0,0,0,0,0,0,0,0,0,0,0,2,0,0,0,0,0,0,0,0,0,0,0,0,"176,20 TL"
0,0,0,0,0,0,0,0,0,0,0,0,0,0,1,0,0,0,0,0,0,0,0,0,0,0,0,"399,90 TL"
0,0,1,0,0,0,0,0,0,0,0,0,0,0,2,0,0,0,0,1,0,0,0,0,0,0,0,"289,90 TL"
0,0,0,0,0,0,0,0,0,0,0,0,0,0,1,0,0,0,0,0,0,0,0,0,0,0,0,1.156 TL
0,0,1,0,0,0,1,0,1,0,0,0,1,0,1,0,0,0,0,0,0,1,0,0,0,0,0,"238,54 TL"
0,0,1,0,0,0,0,2,0,0,0,1,0,0,2,0,0,0,0,0,1,0,0,0,0,0,0,"349,99 TL"
0,0,1,0,0,0,0,0,0,0,0,0,0,0,1,0,0,0,0,0,0,0,0,0,0,0,0,"146,04 TL"
0,0,0,0,0,0,0,0,0,0,0,0,0,0,4,0,0,0,0,0,0,0,0,0,0,0,0,"399,49 TL"
0,0,0,0,0,0,0,0,0,0,0,0,0,0,1,0,0,0,0,0,0,0,0,0,0,0,0,499 TL
0,0,0,0,0,0,0,0,0,0,0,1,0,0,3,0,0,0,0,0,0,0,0,0,0,0,0,"622,42 TL"
0,0,2,0,0,0,0,0,0,1,0,0,0,0,1,0,0,0,0,3,0,2,0,0,0,0,0,"999,90 TL"
0,0,1,0,0,0,0,0,0,0,0,0,0,0,2,0,0,0,0,0,1,0,0,0,0,0,0,"399,95 TL"
2,0,1,0,0,0,0,0,0,0,0,4,0,0,4,2,4,0,0,3,0,0,0,1,0,0,2,216 TL
0,0,1,0,0,0,0,2,0,0,0,1,0,0,2,0,0,0,0,2,1,0,0,0,0,0,0,719 TL
3,0,2,0,0,2,0,0,0,0,0,0,0,0,1,3,0,0,0,1,0,1,0,0,0,0,3,"499,84 TL"
0,0,2,0,0,0,0,4,0,0,0,1,0,0,1,0,0,0,0,0,0,0,0,0,0,0,0,"174,12 TL"
0,0,0,0,0,0,0,0,0,0,0,0,0,0,1,0,0,0,0,0,0,0,0,0,0,0,0,2.558 TL
2,2,1,0,0,0,0,2,0,0,0,5,2,0,1,2,5,0,0,2,0,1,0,0,0,0,2,"1.109,30 TL"
2,0,1,0,0,0,0,4,2,0,0,1,0,0,2,2,0,0,0,1,1,1,0,0,0,0,1,"129,50 TL"
0,0,0,0,0,0,0,3,0,0,0,0,0,0,1,0,0,0,2,0,0,0,0,0,0,0,0,1.409 TL
0,0,0,0,0,0,0,0,0,0,0,0,0,0,1,0,0,0,0,0,0,0,0,0,0,0,0,"359,90 TL"
0,0,0,0,0,0,0,0,0,0,0,0,0,0,2,0,0,0,0,0,0,0,0,0,0,0,0,"599,95 TL"
0,0,2,0,2,0,0,3,0,1,0,3,0,0,5,0,0,1,2,0,0,3,0,0,0,0,0,"987,99 TL"
0,0,0,0,0,0,0,0,0,0,0,0,0,0,4,0,0,0,0,0,0,0,0,0,0,0,0,"284,99 TL"
0,0,0,0,0,0,0,0,0,0,0,0,0,0,2,0,0,0,0,0,0,0,0,0,0,0,0,"374,99 TL"
3,0,2,0,0,0,0,0,8,0,5,1,0,0,1,2,0,0,0,4,0,0,0,0,0,0,1,"125,57 TL"
0,0,0,0,0,0,0,0,0,0,0,0,0,0,1,0,0,0,0,0,0,0,0,0,0,0,0,449 TL
3,0,1,0,0,2,5,0,1,0,0,0,0,0,1,3,0,0,0,2,0,0,0,0,0,0,3,"399,90 TL"
0,0,0,0,0,0,0,0,0,0,0,0,0,0,5,0,0,0,0,0,0,0,0,0,0,0,0,"499,99 TL"
0,0,0,0,0,0,0,0,0,0,0,0,0,0,1,0,0,0,0,0,0,0,0,0,0,0,0,"1.064,19 TL"
2,0,1,0,0,0,0,2,0,0,0,3,0,0,1,2,0,0,0,5,1,0,0,0,0,0,2,"294,99 TL"
2,0,1,0,0,0,1,2,0,0,0,3,2,0,1,2,0,0,0,2,1,1,0,0,0,0,0,"349,90 TL"
3,0,0,0,0,0,0,0,0,0,0,0,0,0,1,0,0,0,0,1,0,0,0,0,0,0,0,"389,90 TL"
1,0,1,0,0,1,3,2,1,0,6,1,0,1,2,2,0,0,0,1,2,1,0,0,0,0,1,"399,90 TL"
0,0,1,0,0,0,4,0,0,0,0,1,1,0,2,0,0,0,0,0,1,1,0,0,0,0,0,"239,95 TL"
0,0,0,0,0,0,0,0,0,0,0,0,0,0,1,0,0,0,0,0,0,0,0,0,0,0,0,"359,99 TL"
0,0,3,0,0,0,0,3,0,0,0,0,0,0,1,0,0,0,2,0,0,0,0,0,0,0,0,"581,16 TL"
1,0,2,0,0,1,1,0,7,0,7,0,3,0,2,1,0,0,1,2,0,1,0,0,0,0,1,"151,99 TL"
0,0,0,0,0,0,0,0,0,0,0,0,0,0,11,0,0,0,0,0,0,0,0,0,0,0,0,"49,99 TL"
0,0,0,0,0,0,0,0,0,0,0,0,0,0,8,0,0,0,0,0,0,0,0,0,0,0,0,359 TL
2,0,1,0,0,0,1,0,1,0,0,1,2,0,1,0,0,0,0,1,0,1,0,0,0,0,0,"213,58 TL"
0,0,0,0,0,0,0,0,0,0,0,0,0,0,2,0,0,0,0,0,0,0,0,0,0,0,0,"499,95 TL"
0,0,2,0,0,0,0,0,0,0,0,0,0,0,11,0,0,0,0,0,0,0,0,0,0,0,0,"29,99 TL"
0,0,1,0,0,0,0,0,0,0,0,1,0,0,2,0,0,0,0,0,1,1,0,0,0,0,0,"837,15 TL"
0,0,0,0,0,0,0,0,0,0,0,0,0,0,2,0,0,0,0,0,0,0,0,0,0,0,0,"289,90 TL"
0,0,1,0,0,0,1,0,0,0,0,0,0,0,2,0,0,0,0,0,0,1,0,0,0,0,0,"282,63 TL"
0,0,1,0,0,0,0,2,0,0,0,0,0,0,3,0,0,0,0,2,0,0,0,0,0,0,0,949 TL
0,0,1,0,0,0,0,2,0,0,0,1,0,0,2,0,0,0,0,0,1,0,0,0,0,0,0,"349,99 TL"
2,0,1,0,0,0,1,0,1,0,0,1,2,0,1,0,0,0,0,1,0,1,0,0,0,0,0,"213,58 TL"
2,0,1,0,0,0,0,2,0,0,0,3,0,0,1,2,0,0,0,5,1,0,0,0,0,0,2,"294,99 TL"
0,0,0,0,0,0,0,0,0,0,0,0,0,0,2,0,0,0,0,0,0,0,0,0,0,0,0,"499,95 TL"
0,0,2,0,0,0,0,0,0,0,0,0,0,0,11,0,0,0,0,0,0,0,0,0,0,0,0,"29,99 TL"
0,0,1,0,0,0,0,0,0,0,0,1,0,0,2,0,0,0,0,0,1,1,0,0,0,0,0,"837,15 TL"
0,0,0,0,0,0,0,0,0,0,0,0,0,0,2,0,0,0,0,0,0,0,0,0,0,0,0,"289,90 TL"
0,0,1,0,0,0,1,0,0,0,0,0,0,0,2,0,0,0,0,0,0,1,0,0,0,0,0,"282,63 TL"
0,0,1,0,0,0,0,2,0,0,0,0,0,0,3,0,0,0,0,2,0,0,0,0,0,0,0,949 TL
1,0,1,0,0,0,11,4,4,0,8,3,2,1,4,1,0,0,0,1,2,4,0,0,0,0,1,"399,99 TL"
0,0,1,0,0,0,0,0,1,0,0,0,0,0,4,0,0,0,0,0,3,0,0,0,0,0,0,"264,99 TL"
0,0,0,0,0,0,0,0,0,0,0,0,0,0,4,0,0,0,0,0,0,0,0,0,0,0,0,"284,99 TL"
0,0,0,0,0,0,0,2,0,0,0,1,0,0,1,0,0,0,0,0,1,0,0,0,0,0,0,1.689 TL
2,0,0,0,0,0,1,2,0,0,0,0,0,0,5,2,0,0,0,0,0,3,0,0,0,0,2,"299,90 TL"
0,0,1,0,0,0,0,2,0,0,0,1,0,0,1,0,0,0,0,0,0,0,0,0,0,0,0,879 TL
0,0,0,0,0,0,0,0,0,0,0,1,0,0,1,0,0,0,0,0,0,0,0,0,0,0,0,2.398 TL
1,0,2,0,0,0,1,0,1,0,0,0,0,0,1,2,0,0,0,5,0,0,0,0,0,0,1,"139,99 TL"
1,0,1,0,0,0,0,2,0,0,0,1,0,0,2,2,0,0,0,3,2,1,0,0,0,0,1,"453,99 TL"
3,0,0,0,0,0,0,0,0,0,0,0,0,0,5,3,0,0,0,0,0,0,0,0,0,0,3,"934,74 TL"
1,0,2,0,0,0,0,0,2,0,0,0,0,0,1,1,0,0,0,2,0,1,0,0,0,0,1,"197,92 TL"
2,0,1,0,0,0,2,0,1,0,0,0,1,0,10,2,0,0,0,1,4,2,0,0,0,0,2,"219,06 TL"
1,0,1,0,0,0,0,0,0,0,0,1,0,0,3,0,0,0,0,2,0,0,0,0,0,0,1,"423,18 TL"
0,0,1,2,0,0,1,0,0,0,0,0,0,0,2,0,0,0,0,0,0,1,0,0,0,0,0,"599,90 TL"
1,0,1,0,0,3,0,4,0,0,0,0,0,0,2,1,0,0,0,0,1,1,0,0,0,0,1,179 TL
0,0,1,0,0,0,1,2,0,0,0,1,1,0,4,0,0,0,0,0,1,1,0,0,0,0,0,"569,99 TL"
0,0,0,0,0,0,0,0,0,0,0,0,0,0,1,0,0,0,2,0,0,0,0,0,0,0,0,114 TL
1,0,1,0,0,0,2,0,1,0,0,1,1,0,4,1,0,0,0,5,0,1,0,0,0,0,1,469 TL
0,0,1,0,0,0,0,0,0,0,0,1,0,0,2,0,0,0,0,0,1,1,0,0,0,0,0,929 TL
0,0,0,0,0,0,0,0,0,0,0,0,0,0,5,0,0,0,0,0,0,0,0,0,0,0,0,"454,99 TL"
1,0,1,0,2,3,1,2,0,2,0,3,0,0,1,1,0,0,0,4,0,3,0,0,0,0,1,"100,29 TL"
0,0,0,0,0,0,0,0,0,0,0,0,0,0,2,0,0,0,0,0,0,0,0,0,0,0,0,"289,90 TL"
0,0,1,0,0,0,1,0,0,0,0,0,0,0,9,0,0,0,0,1,0,1,0,0,0,0,2,"299,90 TL"
3,0,1,0,0,2,0,0,0,0,0,0,0,0,1,3,0,0,0,1,0,1,0,0,0,0,3,"499,84 TL"
0,0,1,0,0,0,1,2,0,0,0,1,0,0,1,0,0,0,0,0,0,0,0,0,0,0,0,"249,90 TL"
0,0,0,0,0,0,0,0,0,0,0,1,0,0,1,0,0,0,0,0,0,1,0,0,0,0,0,"413,10 TL"
0,0,1,0,0,0,0,0,0,0,0,0,0,0,12,0,0,0,0,0,0,0,0,0,0,0,1,569 TL
0,0,1,0,0,0,0,0,0,0,0,1,0,0,1,0,0,0,0,0,0,0,0,0,0,0,0,"599,99 TL"
0,2,1,1,0,0,0,2,0,0,0,6,0,0,1,0,6,0,0,0,0,0,0,0,0,0,0,389 TL
0,0,0,0,0,0,0,0,0,0,0,0,0,0,2,0,0,0,0,0,0,0,0,0,0,0,0,1.062 TL
0,0,1,0,0,0,0,0,0,0,0,4,0,0,1,0,4,0,0,0,0,0,0,1,0,0,0,203 TL
1,0,1,0,1,0,2,0,1,0,0,1,2,0,3,1,0,0,0,2,0,1,0,0,0,0,1,449 TL
0,0,2,0,0,0,0,3,0,0,0,1,0,0,5,0,0,0,0,0,0,2,0,0,0,0,0,1.449 TL
0,0,1,0,0,0,1,2,0,0,0,1,1,0,1,0,0,0,0,0,1,1,0,0,0,0,0,"764,15 TL"
1,0,1,0,0,0,0,2,0,0,0,1,0,0,2,2,0,0,0,3,2,1,0,0,0,0,1,"453,99 TL"
0,0,1,0,0,0,2,0,0,0,0,0,1,0,4,0,0,0,0,0,0,1,0,0,0,0,0,489 TL
0,0,0,0,0,0,0,0,1,0,0,0,0,0,3,0,0,0,0,0,0,0,0,0,0,0,0,"379,99 TL"
1,0,1,0,0,1,3,2,1,0,6,1,0,1,2,2,0,0,0,1,2,1,0,0,0,0,1,"399,90 TL"
0,0,1,0,0,0,0,2,0,0,0,1,0,0,1,0,0,0,0,0,1,1,0,0,0,0,0,"1.199,90 TL"
0,0,1,0,0,0,0,0,0,0,0,0,0,0,1,0,0,0,0,0,0,0,0,0,0,0,0,"264,99 TL"
0,0,1,0,0,0,0,2,0,0,0,1,0,0,14,0,0,0,0,0,1,1,0,0,0,0,0,"969,90 TL"
0,0,1,0,0,0,0,2,0,0,0,1,0,0,3,0,0,0,0,0,1,0,0,0,0,0,0,"399,90 TL"
2,0,1,0,0,0,1,0,0,0,0,1,1,0,3,2,0,0,0,0,1,1,0,0,0,0,2,"207,95 TL"
1,0,1,0,0,0,0,2,1,0,0,1,0,1,2,1,0,0,0,3,2,2,0,0,0,0,1,"459,90 TL"
0,0,0,0,0,0,0,0,0,0,0,0,0,0,12,0,0,0,0,0,0,0,0,0,0,0,0,"314,99 TL"
0,0,0,0,0,0,0,0,0,0,0,1,0,0,5,0,0,0,0,0,0,1,0,0,0,0,0,"189,99 TL"
2,0,1,0,0,0,4,2,0,0,0,1,1,0,2,2,0,0,0,0,2,1,0,0,0,0,2,"419,95 TL"
0,0,0,0,0,0,0,0,1,0,0,0,0,0,3,0,0,0,0,0,0,0,0,0,0,0,0,"259,99 TL"
3,0,1,0,2,2,1,3,2,1,5,3,0,0,1,3,0,0,2,2,0,3,0,0,0,0,1,399 TL
0,0,0,0,0,0,0,0,0,0,0,1,0,0,3,0,0,0,0,0,0,0,0,0,0,0,0,649 TL
0,0,0,0,0,0,0,0,0,0,0,0,0,0,2,0,0,0,0,0,0,0,0,0,0,0,0,"1.401,67 TL"
0,0,2,0,0,0,0,0,0,0,0,0,0,0,5,0,0,0,0,0,0,0,0,0,0,0,0,"349,99 TL"
1,0,2,0,0,1,1,0,7,0,7,0,3,0,2,1,0,0,1,2,0,1,0,0,0,0,1,"151,99 TL"
0,0,0,0,0,0,0,0,0,0,0,1,0,0,14,0,0,0,0,0,1,1,0,0,0,0,0,"999,90 TL"
1,0,1,0,0,0,1,2,0,0,0,1,4,0,9,1,0,0,0,3,4,1,0,0,0,0,1,"233,99 TL"
0,0,1,0,0,0,0,2,0,0,0,1,0,0,2,0,0,0,0,0,1,1,0,0,0,0,0,999 TL
0,0,3,0,0,0,0,0,0,1,0,1,0,0,1,0,0,0,2,0,0,4,0,0,0,0,0,900 TL
3,0,1,0,0,0,0,0,1,0,0,0,0,0,1,0,0,0,0,0,0,0,0,0,0,0,0,"389,90 TL"
0,0,0,0,0,0,0,0,0,0,0,0,0,0,1,0,0,0,0,0,0,0,0,0,0,0,0,"649,99 TL"
0,0,2,0,0,0,0,2,0,0,0,1,0,0,1,0,0,0,0,0,1,0,0,0,0,0,0,"233,23 TL"
0,0,0,0,0,0,0,0,0,0,0,0,0,0,4,0,0,0,0,0,0,0,0,0,0,0,0,"95,05 TL"
0,0,1,0,0,0,0,0,0,0,0,0,0,0,1,0,0,0,0,0,0,0,0,0,0,0,0,1.437 TL
0,0,1,0,0,0,0,2,0,0,0,0,0,0,1,0,0,0,0,0,0,0,0,0,0,0,0,1.274 TL
0,0,1,0,0,0,0,2,0,0,0,1,0,0,1,0,0,0,0,0,5,0,0,0,0,0,0,"399,90 TL"
0,0,0,0,0,0,0,0,0,0,0,0,0,0,2,0,0,0,0,0,0,0,0,0,0,0,0,"329,90 TL"
0,0,1,0,0,0,1,2,0,0,0,1,1,0,2,0,0,0,0,0,1,1,0,0,0,0,0,259 TL
0,0,2,0,0,0,0,3,0,0,0,1,0,0,13,0,0,0,0,0,0,2,0,0,0,0,0,"1.469,16 TL"
0,0,0,0,0,0,0,0,0,0,0,0,0,0,1,0,0,0,0,2,0,0,0,0,0,0,0,"159,99 TL"
1,0,1,0,0,1,3,2,1,0,6,1,0,1,2,2,0,0,0,1,2,1,0,0,0,0,1,"389,90 TL"
0,0,0,0,0,0,0,0,0,0,0,0,0,0,1,0,0,0,0,0,0,0,0,0,0,0,0,"799,99 TL"
0,0,1,0,0,0,1,2,0,0,0,1,0,0,10,0,0,0,0,0,0,0,0,0,0,0,0,"249,90 TL"
0,0,1,0,0,0,0,0,0,0,0,1,0,0,5,0,0,0,0,0,0,0,0,0,0,0,0,"273,57 TL"
0,1,4,0,0,0,0,0,0,0,0,0,0,0,2,0,0,0,0,0,0,0,0,0,0,0,0,"390,43 TL"
1,0,0,0,0,0,0,0,1,0,0,0,0,0,1,2,0,0,0,3,0,0,0,0,0,0,0,389 TL
0,0,1,0,0,0,1,0,0,0,0,1,1,0,3,0,0,0,0,0,1,1,0,0,0,0,0,"346,95 TL"
3,0,2,0,0,2,0,0,0,0,0,0,0,0,1,3,0,0,0,1,0,1,0,0,0,0,3,"336,25 TL"
0,0,0,0,0,0,0,0,0,0,0,0,0,0,1,0,0,0,0,0,0,0,0,0,0,0,0,"66,62 TL"
0,0,1,0,0,0,2,0,0,0,0,1,1,0,1,0,0,0,0,0,1,1,0,0,0,0,0,"359,95 TL"
0,0,1,0,3,0,0,4,0,1,0,1,0,0,1,0,0,1,2,0,0,0,0,0,0,0,0,"300,19 TL"
1,0,1,0,3,3,0,2,1,1,3,1,2,1,1,2,0,3,2,2,0,2,0,0,0,1,1,"339,90 TL"
0,0,1,0,0,0,0,2,0,0,0,3,0,0,3,0,0,0,0,0,0,0,0,0,0,0,0,"304,90 TL"
1,0,1,0,0,1,9,2,2,0,2,3,2,2,1,1,0,0,0,4,3,1,0,0,0,0,1,"153,39 TL"
0,0,0,0,0,0,0,0,0,0,0,0,0,0,6,0,0,0,0,0,0,0,0,0,0,0,0,"449,95 TL"
2,0,2,0,2,0,0,2,0,2,0,3,0,0,5,0,0,0,1,0,0,3,0,0,0,0,2,"137,72 TL"
0,0,0,0,0,0,0,0,0,0,0,4,0,0,15,0,4,0,0,0,0,0,0,1,0,0,0,"263,35 TL"
0,0,1,0,3,0,0,2,0,1,0,1,0,0,1,0,0,0,2,0,0,2,0,0,0,1,0,"319,90 TL"
1,0,1,0,0,0,0,2,0,0,0,1,0,0,1,0,0,0,0,0,0,0,0,0,0,0,0,889 TL
1,0,2,0,0,0,12,0,4,0,1,0,0,0,3,0,0,0,0,1,0,1,0,0,0,0,0,"40,04 TL"
0,0,0,0,0,0,0,0,0,0,0,1,0,0,18,0,0,0,0,0,0,0,0,0,0,0,0,"464,92 TL"
0,0,0,0,0,0,0,0,0,0,0,0,0,0,1,0,0,0,0,0,0,0,0,0,0,0,0,"149,90 TL"
0,0,1,0,0,0,1,0,6,0,0,0,1,0,19,0,0,0,0,0,0,1,0,0,0,0,0,"299,90 TL"
1,0,1,0,0,2,0,3,0,1,0,3,0,0,6,3,0,0,2,2,0,0,0,0,0,0,1,"999,87 TL"
0,0,1,0,0,0,0,2,0,0,0,0,0,0,2,0,0,0,0,0,1,0,0,0,0,0,0,"117,96 TL"
1,0,3,0,0,0,0,3,0,1,0,3,0,0,1,3,0,0,0,2,0,0,0,0,0,0,1,"429,90 TL"
0,0,0,0,0,0,0,0,0,0,0,0,0,0,12,0,0,0,0,0,0,0,0,0,0,0,0,"269,99 TL"
0,0,0,0,0,0,0,0,0,0,0,0,0,0,1,0,0,0,0,0,0,0,0,0,0,0,0,"632,99 TL"
0,0,1,0,0,0,0,2,0,0,0,0,0,0,2,0,0,0,0,0,0,0,0,0,0,0,0,1.499 TL
0,0,0,0,0,0,0,0,0,0,0,0,0,0,7,0,0,0,0,0,0,0,0,0,0,0,0,899 TL
1,0,2,0,0,2,3,3,0,1,2,3,0,1,1,3,0,0,2,2,0,3,0,0,0,0,1,"349,90 TL"
1,0,2,0,0,1,1,0,2,0,1,0,3,0,5,1,0,0,2,1,0,1,0,0,0,0,1,"89,90 TL"
0,0,1,0,0,0,0,4,0,0,0,3,0,0,2,0,0,0,0,0,1,0,0,0,0,0,0,"299,90 TL"
0,0,1,0,0,0,0,2,0,0,0,3,0,0,2,0,0,0,0,0,0,0,0,0,0,0,0,"291,25 TL"
1,0,1,0,0,0,0,0,0,0,0,3,0,0,1,0,0,0,0,0,0,0,0,0,0,0,1,"249,90 TL"
0,0,0,0,0,0,0,0,0,0,0,0,0,0,3,0,0,0,2,0,0,0,0,0,0,0,0,"136,47 TL"
2,0,1,0,0,0,1,0,1,0,0,1,1,0,3,0,0,0,0,0,1,1,0,0,0,0,0,"289,95 TL"
1,0,1,0,0,0,1,2,0,0,0,1,4,0,1,1,0,0,0,3,4,1,0,0,0,0,1,"233,99 TL"
0,0,1,0,0,0,1,2,0,0,0,1,1,0,2,0,0,0,0,0,1,1,0,0,0,0,0,"450,95 TL"
0,0,0,0,0,0,0,0,0,0,0,0,0,0,2,0,0,0,0,0,0,0,0,0,0,0,0,899 TL
0,0,1,0,0,0,0,0,0,0,0,0,0,0,1,0,0,0,0,0,1,0,0,0,0,0,0,"449,95 TL"
0,0,0,0,0,0,0,0,0,0,0,0,0,0,3,0,0,0,0,0,0,0,0,0,0,0,0,"184,19 TL"
1,0,1,0,0,0,0,2,0,0,0,1,0,0,1,1,0,0,0,1,2,0,0,0,0,0,1,"189,99 TL"
0,0,1,0,0,0,0,0,3,0,0,1,0,0,1,0,0,1,2,2,0,0,0,0,0,0,0,"298,67 TL"
0,0,0,0,0,0,0,0,0,0,0,0,0,0,1,0,0,0,0,0,0,0,0,0,0,0,0,"799,95 TL"
0,0,0,0,0,0,0,0,0,0,0,0,0,0,7,0,0,0,2,0,0,0,0,0,0,0,0,"74,90 TL"
0,0,0,0,0,0,0,2,0,0,0,0,0,0,1,0,0,0,0,0,0,0,0,0,0,0,0,439 TL
0,0,0,0,0,0,0,0,0,0,0,0,0,0,5,0,0,0,0,0,0,0,0,0,0,0,0,179 TL
0,0,0,0,0,0,0,0,0,0,0,0,0,0,7,0,0,0,1,0,0,0,0,0,0,0,0,295 TL
0,0,1,0,0,0,0,4,0,0,0,1,0,0,2,0,0,0,0,0,1,0,0,0,0,0,0,999 TL
0,0,1,0,0,0,0,0,0,0,0,0,0,0,3,0,0,0,0,0,0,0,0,0,0,0,0,1.149 TL
1,0,1,0,0,0,0,3,0,0,0,3,0,0,1,0,0,0,0,0,0,0,0,0,0,0,0,518 TL
0,0,1,0,0,0,1,0,1,0,0,0,0,0,2,0,0,0,0,0,0,1,0,0,0,0,0,"200,37 TL"
2,0,1,0,0,0,2,2,1,0,0,1,1,0,3,2,0,0,0,0,0,1,0,0,0,0,2,"219,09 TL"
0,0,1,0,0,0,0,0,0,0,0,0,0,0,3,0,0,0,0,0,0,0,0,0,0,0,0,"264,99 TL"
3,0,2,0,0,2,0,0,0,0,0,0,0,0,4,3,0,0,0,1,0,1,0,0,0,0,3,"335,99 TL"
0,0,2,0,0,0,0,2,0,0,0,1,0,0,3,0,0,0,0,2,0,0,0,0,0,0,0,"219,90 TL"
0,0,1,0,0,0,0,0,0,0,0,1,0,0,3,0,0,0,0,0,0,0,0,0,0,0,0,"195,58 TL"
0,0,4,0,0,0,0,0,1,0,0,1,0,0,2,0,0,0,0,0,0,0,0,0,0,0,0,"289,99 TL"
0,0,0,0,0,0,0,0,1,0,0,0,0,0,1,0,0,0,0,0,0,0,0,0,0,0,0,"359,99 TL"
0,0,1,0,0,0,0,0,0,0,0,1,0,0,2,0,0,0,0,0,1,1,0,0,0,0,0,305 TL
0,0,0,0,0,0,0,3,0,0,0,0,0,0,2,0,0,0,0,0,0,0,0,0,0,0,0,1.089 TL
0,0,1,0,0,0,0,2,0,0,0,1,0,0,4,0,0,0,0,5,0,0,0,0,0,0,0,599 TL
2,0,0,0,0,0,1,2,0,0,0,0,0,0,3,2,0,0,0,0,0,3,0,0,0,0,2,"299,90 TL"
0,0,0,0,0,0,0,0,0,0,0,0,0,0,9,0,0,0,0,0,0,0,0,0,0,0,0,"1.019,90 TL"
0,0,0,0,0,0,0,5,0,1,0,1,0,0,5,0,0,1,0,0,0,0,0,0,0,0,0,"3.827,99 TL"
0,0,0,0,0,0,0,2,1,0,0,0,0,0,1,0,0,0,0,0,0,0,0,0,0,0,0,"249,99 TL"
2,0,1,0,0,0,0,2,0,0,0,0,0,0,2,0,0,0,0,4,2,0,0,0,0,0,0,"105,29 TL"
0,0,1,1,0,0,0,4,0,0,0,5,0,0,1,0,5,0,0,2,0,0,0,0,0,0,0,619 TL
0,0,0,2,0,0,0,0,0,0,0,5,0,0,1,0,5,0,0,0,0,0,0,0,0,0,0,"286,99 TL"
0,0,1,0,0,0,0,0,1,0,0,0,0,0,14,0,0,0,0,0,3,0,0,0,0,0,0,"264,99 TL"
0,0,1,0,0,0,0,2,0,0,0,1,0,0,1,0,0,0,0,0,1,1,0,0,0,0,0,1.719 TL
0,0,2,0,0,0,0,0,0,0,0,1,0,0,1,0,0,0,0,0,0,1,0,0,0,0,0,"899,95 TL"
0,0,1,0,0,0,0,2,0,0,0,1,0,0,1,0,0,0,0,0,0,0,0,0,0,0,0,"448,92 TL"
0,0,0,0,0,0,0,2,0,0,0,3,0,0,1,0,0,0,0,0,1,0,0,0,0,0,0,1.055 TL
0,0,1,0,0,0,0,2,0,0,0,3,0,0,2,0,0,0,0,0,1,0,0,0,0,0,0,"294,99 TL"
2,0,1,0,0,0,1,2,0,0,0,3,2,0,2,2,0,0,0,2,1,1,0,0,0,0,0,"349,90 TL"
1,0,0,0,0,0,0,0,0,0,0,1,0,0,1,0,0,0,0,0,0,0,0,0,0,0,0,"135,07 TL"
0,0,1,0,0,0,0,2,0,0,0,1,0,0,2,0,0,0,0,0,2,0,0,0,0,0,0,"239,90 TL"
1,0,1,0,0,0,2,2,2,0,0,1,1,1,3,1,0,0,0,0,1,1,0,0,0,0,1,"729,99 TL"
0,0,0,0,0,0,0,0,0,0,0,0,0,0,6,0,0,0,0,0,0,0,0,0,0,0,0,"377,01 TL"
0,0,0,0,0,0,0,0,0,0,0,1,0,0,5,0,0,0,0,0,0,0,0,0,0,0,0,"459,99 TL"
0,0,1,0,0,0,1,0,0,0,0,0,0,0,1,0,0,0,0,0,0,1,0,0,0,0,0,"281,65 TL"
0,0,0,0,0,0,0,0,0,0,0,0,0,0,1,0,0,0,0,0,0,0,0,0,0,0,0,"101,63 TL"
0,0,0,0,0,0,0,0,0,0,0,0,0,0,1,0,0,0,0,0,0,0,0,0,0,0,0,"199,90 TL"
0,0,1,0,2,0,0,2,0,1,0,1,0,1,1,0,0,1,2,6,0,2,0,0,0,0,2,"258,12 TL"
1,0,1,0,0,1,1,2,1,0,6,1,4,1,1,1,0,0,0,5,1,1,0,0,0,0,1,"424,99 TL"
0,0,0,0,0,0,0,0,0,0,0,0,0,0,1,0,0,0,0,0,0,0,0,0,0,0,0,"579,99 TL"
0,0,0,0,0,0,0,3,0,0,0,0,0,0,3,0,0,0,0,0,0,0,0,0,0,0,0,"638,50 TL"
0,0,0,0,0,0,0,0,0,0,0,1,0,0,1,0,0,0,0,0,1,1,0,0,0,0,0,549 TL
1,0,1,0,0,0,0,2,0,0,0,1,0,0,3,1,0,0,0,1,2,0,0,0,0,0,1,"189,99 TL"
1,0,1,0,2,0,1,5,3,1,9,3,2,0,5,0,0,1,2,3,0,2,0,0,0,0,1,"699,99 TL"
0,0,1,0,0,0,0,2,0,0,0,0,0,0,8,0,0,0,0,0,0,0,0,0,0,0,0,"170,99 TL"
0,0,0,0,0,0,0,0,0,0,0,0,0,0,14,0,0,0,0,0,0,0,0,0,0,0,0,"769,90 TL"
0,0,0,0,0,0,0,0,0,0,0,0,0,0,1,0,0,0,0,0,0,0,0,0,0,0,0,"1.798,60 TL"
1,0,1,0,0,0,1,2,0,0,0,1,4,0,4,1,0,0,0,3,4,1,0,0,0,0,1,"241,89 TL"
0,0,0,0,0,0,0,0,0,0,0,1,0,0,3,0,0,0,0,0,1,1,0,0,0,0,0,359 TL
0,0,0,0,0,0,0,0,0,0,0,0,0,0,9,0,0,0,0,0,0,0,0,0,0,0,0,"264,99 TL"
0,0,0,0,0,0,0,0,0,0,0,0,0,0,1,0,0,0,0,0,0,0,0,0,0,0,0,"269,14 TL"
1,0,1,0,0,0,3,3,3,1,8,3,0,1,1,3,0,0,2,2,0,3,0,0,0,0,1,"349,90 TL"
0,0,3,0,1,0,0,3,0,1,0,1,0,0,1,0,0,0,2,0,0,0,0,0,0,0,0,"429,90 TL"
1,0,1,0,0,3,8,2,1,0,2,3,3,1,3,2,0,0,0,3,5,1,0,0,0,0,1,"349,99 TL"
0,0,0,0,0,0,0,0,0,0,0,0,0,0,2,0,0,0,0,0,0,0,0,0,0,0,0,799 TL
0,0,1,0,0,0,0,0,0,0,0,3,0,0,2,0,0,0,0,0,0,0,0,0,0,0,0,"212,51 TL"
0,0,1,0,0,0,0,0,0,1,0,0,0,0,1,0,0,1,2,0,0,0,0,0,0,0,0,"291,94 TL"
0,0,1,0,2,0,0,4,0,1,0,1,0,0,1,0,0,1,2,0,0,2,0,0,0,0,0,"307,30 TL"
1,0,2,0,3,0,1,2,0,1,0,3,0,0,1,1,0,0,2,4,0,0,0,0,0,0,1,"112,05 TL"
0,0,1,0,0,0,0,2,0,0,0,0,0,0,2,0,0,0,0,0,0,0,0,0,0,0,0,589 TL
0,0,0,0,0,0,0,0,0,0,0,0,0,0,4,0,0,0,0,0,0,0,0,0,0,0,0,484 TL
2,0,1,0,1,0,1,0,1,0,0,0,1,0,3,2,0,0,0,0,0,1,0,0,0,0,2,"378,90 TL"
0,0,0,0,0,0,0,0,0,0,0,0,0,0,1,0,0,0,0,0,0,0,0,0,0,0,0,"229,99 TL"
2,0,1,0,0,0,1,0,0,0,0,0,1,0,1,2,0,0,0,1,0,1,0,0,0,0,2,"259,90 TL"
0,0,0,0,0,0,0,0,0,0,0,0,0,0,13,0,0,0,0,0,0,0,0,0,0,0,0,"452,36 TL"
0,0,0,0,0,0,0,0,0,0,0,0,0,0,3,0,0,0,0,0,0,0,0,0,0,0,0,1.785 TL
2,0,1,0,0,0,3,0,0,0,15,0,0,0,1,2,0,0,0,2,0,0,0,0,0,0,2,"169,99 TL"
1,0,1,0,0,0,0,0,0,0,0,3,0,0,1,1,0,0,0,0,0,2,0,0,0,0,0,"299,02 TL"
0,0,1,0,0,0,0,2,0,1,0,0,0,0,2,0,0,0,1,0,0,0,0,0,0,0,0,"127,47 TL"
0,0,0,0,0,0,0,0,0,0,0,0,0,0,1,0,0,0,0,0,0,0,0,0,0,0,0,118 TL
0,0,1,0,3,0,0,2,0,1,0,3,0,0,1,0,0,2,2,0,0,2,0,0,0,1,0,"339,90 TL"
0,0,0,0,0,0,0,3,0,1,0,3,0,0,1,0,0,0,2,0,0,0,0,0,0,0,0,"289,99 TL"
0,0,1,0,0,0,0,3,0,1,0,0,0,0,6,0,0,0,0,0,0,0,0,0,0,0,0,809 TL
1,0,1,0,0,0,0,2,1,0,0,1,0,2,1,1,0,0,0,1,1,1,0,0,0,0,2,"269,99 TL"
1,0,6,0,0,1,3,2,1,0,6,1,0,1,2,2,0,0,0,1,2,1,0,0,0,0,1,"394,90 TL"
0,0,1,0,0,0,4,0,0,0,0,1,1,0,1,0,0,0,0,0,1,1,0,0,0,0,0,"239,95 TL"
0,0,0,0,0,0,0,2,0,0,0,3,0,0,1,0,0,0,0,0,0,0,0,0,0,0,0,"249,99 TL"
0,0,0,0,0,0,0,0,0,0,0,0,0,0,4,0,0,0,0,0,0,0,0,0,0,0,0,1.299 TL
0,0,1,0,0,0,0,0,0,0,0,4,0,0,1,0,1,0,0,0,0,0,0,0,0,0,0,"223,22 TL"
2,0,0,0,0,0,1,2,0,0,0,0,0,0,16,2,0,0,0,0,0,3,0,0,0,0,2,"299,90 TL"
1,0,2,0,0,1,1,0,2,0,1,0,3,0,1,1,0,0,2,1,0,1,0,0,0,0,1,54 TL
0,0,0,0,0,0,0,2,0,0,0,1,0,0,5,0,0,0,0,0,1,0,0,0,0,0,0,1.689 TL
1,0,1,0,0,0,0,2,0,0,0,0,0,0,1,0,0,0,0,3,1,1,0,0,0,0,0,"179,90 TL"
0,0,1,0,0,0,0,2,0,0,0,1,0,0,11,0,0,0,0,0,1,0,0,0,0,0,0,"176,94 TL"
0,0,0,0,0,0,0,0,0,0,0,0,0,0,1,0,0,0,0,0,0,0,0,0,0,0,0,"356,99 TL"
0,0,0,2,0,0,0,0,0,0,0,5,0,0,1,0,5,0,0,0,0,0,0,0,0,0,0,499 TL
1,0,1,0,0,0,0,4,0,1,0,3,0,0,1,0,0,1,2,0,0,0,0,0,0,0,0,"349,90 TL"
0,0,0,0,0,0,0,0,0,0,0,0,0,0,7,0,0,0,0,0,0,0,0,0,0,0,0,"664,86 TL"
0,0,1,0,0,0,0,0,0,0,0,1,0,0,1,0,0,0,0,0,0,0,0,0,0,0,0,"249,90 TL"
0,0,1,0,0,0,1,0,1,0,0,0,1,0,1,0,0,0,0,0,0,1,0,0,0,0,0,"232,34 TL"
0,0,0,0,0,0,0,0,0,0,0,0,0,0,1,0,0,0,0,0,0,0,0,0,0,0,0,599 TL
0,0,1,0,0,0,0,0,0,0,0,0,0,0,1,0,0,0,0,0,0,0,0,0,0,0,0,"983,51 TL"
0,0,6,0,0,0,0,0,3,0,0,1,0,0,9,0,0,0,0,5,0,3,0,0,0,0,0,231 TL
0,0,1,0,0,0,0,0,0,0,0,1,0,0,2,0,0,0,0,2,0,0,0,0,0,0,0,"2.220,33 TL"
3,0,2,0,0,2,0,0,0,0,0,0,0,0,1,3,0,0,0,2,0,1,0,0,0,0,3,"346,60 TL"
0,0,1,0,1,0,0,0,0,0,0,3,0,0,1,0,0,0,0,0,0,2,0,0,0,0,0,"799,95 TL"
2,0,1,0,2,3,3,2,2,1,3,1,2,1,1,2,0,3,2,2,0,2,0,0,0,1,1,"389,90 TL"
0,0,1,0,0,0,1,2,0,0,0,1,1,0,4,0,0,0,0,0,1,1,0,0,0,0,0,"564,99 TL"
0,0,0,0,0,0,0,0,0,0,0,0,0,0,5,0,0,0,0,0,0,0,0,0,0,0,0,1.749 TL
0,0,1,0,0,0,0,2,2,0,0,1,0,1,1,0,0,0,0,0,1,1,0,0,0,0,0,"929,99 TL"
0,0,0,0,0,0,0,0,0,0,0,0,0,0,1,0,0,0,0,0,0,0,0,0,0,0,0,300 TL
2,0,1,0,0,0,0,2,0,0,0,0,0,0,11,0,0,0,0,4,0,0,0,0,0,0,0,"202,49 TL"
0,0,0,0,0,0,0,0,0,0,0,0,0,0,1,0,0,0,0,0,0,0,0,0,0,0,0,"311,42 TL"
0,0,1,0,0,0,0,2,0,0,0,1,0,0,3,0,0,0,0,0,1,0,0,0,0,0,0,869 TL
1,0,2,0,0,0,0,2,1,0,0,0,0,0,3,2,0,0,0,5,0,0,0,0,0,0,1,949 TL
0,0,0,0,0,0,1,0,0,0,0,0,0,0,1,0,0,0,0,0,0,0,0,0,0,0,0,3.199 TL
1,0,3,0,0,0,0,3,0,1,0,3,0,0,1,3,0,0,0,2,0,0,0,0,0,0,1,"429,90 TL"
2,0,0,0,0,0,0,0,0,0,0,0,0,0,2,0,0,0,0,5,0,0,0,0,1,0,0,347 TL
1,0,1,0,0,0,0,2,0,0,0,0,0,0,2,0,0,0,0,0,0,0,0,0,0,0,0,414 TL
1,0,1,0,0,0,1,0,1,0,0,1,1,0,1,1,0,0,0,5,0,1,0,0,0,0,1,359 TL
0,0,1,0,0,0,0,0,0,0,0,0,0,0,1,0,0,0,0,0,0,2,0,0,0,0,0,1.439 TL
0,0,0,0,0,0,0,2,0,0,0,1,0,0,2,0,0,0,0,0,1,0,0,0,0,0,1,1.082 TL
1,0,1,0,0,0,0,2,0,0,0,0,0,0,4,0,0,0,0,0,0,0,0,0,0,0,0,"380,68 TL"
0,0,1,0,0,0,1,2,0,0,0,1,1,0,2,0,0,0,0,0,1,1,0,0,0,0,0,"409,95 TL"
1,0,1,0,2,3,13,2,2,1,3,1,2,1,1,2,0,1,2,2,0,2,0,0,0,1,1,"299,90 TL"
1,0,1,0,0,1,1,2,1,0,4,1,2,0,1,1,0,0,0,2,1,1,0,0,0,0,1,"99,99 TL"
3,0,1,0,0,2,0,0,0,0,0,0,0,0,1,3,0,0,0,2,0,1,0,0,0,0,3,"433,20 TL"
2,0,0,0,0,0,0,0,0,0,0,1,0,0,1,0,0,0,0,0,0,0,0,0,0,0,0,"169,85 TL"
0,0,1,0,2,0,0,2,0,1,0,3,0,1,6,0,0,0,0,0,0,3,0,0,0,0,0,2.790 TL
3,0,2,0,0,0,0,0,0,0,0,0,0,0,5,3,0,0,0,0,0,0,0,0,0,0,3,"1.142,94 TL"
1,0,1,2,0,0,0,0,0,0,0,0,0,0,15,2,0,0,0,4,0,0,1,2,1,0,1,"249,99 TL"
1,0,1,1,0,0,0,0,0,0,0,0,0,0,1,2,0,0,0,5,0,0,1,1,1,0,0,"339,48 TL"
0,0,0,0,0,0,0,0,0,0,0,0,0,0,1,0,0,0,0,0,0,0,0,0,0,0,0,1.349 TL
2,0,1,0,0,0,1,2,0,0,0,3,2,0,4,2,0,0,0,2,1,1,0,0,0,0,0,"349,90 TL"
0,0,1,0,0,0,0,0,1,0,0,0,0,0,1,0,0,0,0,0,3,0,0,0,0,0,0,"264,99 TL"
0,0,1,0,0,0,0,2,2,0,0,1,0,1,2,0,0,0,0,2,1,1,0,0,0,0,0,"1.421,20 TL"
0,0,1,0,0,0,0,0,0,0,0,1,1,0,3,0,0,0,0,0,1,1,0,0,0,0,0,"449,95 TL"
0,0,1,0,0,0,0,0,0,1,0,1,0,0,1,0,0,1,2,0,0,0,0,0,0,0,0,"176,40 TL"
1,0,1,0,0,0,1,2,0,0,0,1,4,0,4,1,0,0,0,3,4,1,0,0,0,0,1,"241,89 TL"
2,0,1,0,0,0,0,3,2,0,0,0,0,0,1,3,0,0,0,2,1,1,0,0,0,0,2,"329,90 TL"
0,0,1,0,0,0,0,2,0,0,0,1,0,0,2,0,0,0,0,0,1,0,0,0,0,0,0,439 TL
3,0,1,0,0,2,0,0,0,0,0,0,0,0,1,3,0,0,0,2,0,1,0,0,0,0,1,"399,90 TL"
0,0,0,0,0,0,0,0,0,0,0,0,0,0,4,0,0,0,0,0,0,0,0,0,0,0,0,"59,99 TL"
0,0,0,0,0,0,0,0,0,0,0,0,0,0,1,0,0,0,0,0,1,0,0,0,0,0,0,260 TL
1,0,1,0,0,0,1,2,0,0,0,1,4,0,2,1,0,0,0,3,4,1,0,0,0,0,1,"241,89 TL"
0,0,1,0,0,0,1,0,0,0,0,0,1,0,3,0,0,0,0,0,0,1,0,0,0,0,0,"299,90 TL"
1,0,1,0,0,3,1,2,0,0,0,1,0,1,2,2,0,0,0,3,3,1,0,0,0,0,1,"129,90 TL"
1,0,1,0,0,0,0,0,0,0,0,4,0,0,8,2,4,0,0,4,0,0,0,1,0,0,1,"192,99 TL"
0,0,0,0,0,0,0,0,0,0,0,0,0,0,1,0,0,0,0,0,0,0,0,0,0,0,0,"1.199,99 TL"
0,0,0,0,0,0,0,0,0,0,0,0,0,0,3,0,0,0,0,0,0,0,0,0,0,0,0,2.193 TL
1,0,2,0,0,1,1,0,1,0,10,0,3,0,3,1,0,0,1,6,0,1,0,0,0,0,1,"180,49 TL"
0,0,0,0,0,0,0,0,0,0,0,0,0,0,5,0,0,0,1,0,0,0,0,0,0,0,0,"249,90 TL"
0,0,0,0,0,0,0,0,0,0,0,0,0,0,1,0,0,0,0,0,0,0,0,0,0,0,0,"284,99 TL"
0,0,0,0,0,0,0,2,0,0,0,5,2,0,11,0,5,0,0,0,0,1,0,0,0,0,0,"1.870,11 TL"
0,0,0,0,0,0,0,0,0,0,0,0,0,0,3,0,0,0,0,0,0,0,0,0,0,0,0,2.249 TL
0,0,1,0,0,0,1,0,1,0,0,1,1,0,2,0,0,0,0,1,3,1,0,0,0,0,0,"289,95 TL"
1,0,1,0,0,0,0,3,2,0,0,1,0,1,1,1,0,0,0,2,1,0,0,0,0,0,1,769 TL
0,0,1,0,0,0,0,0,1,0,0,0,0,0,4,0,0,0,0,0,3,0,0,0,0,0,0,"274,99 TL"
0,0,1,0,0,0,0,0,0,0,0,0,0,0,10,3,0,0,0,1,0,0,0,0,0,0,3,"499,99 TL"
1,0,1,0,0,0,0,0,0,0,0,4,0,0,1,2,4,0,0,4,0,0,0,1,0,0,1,"192,99 TL"
0,0,0,0,0,0,0,0,0,0,0,0,0,0,4,0,0,0,0,0,0,0,0,0,0,0,0,"284,99 TL"
1,0,0,0,0,0,0,0,0,0,0,0,0,0,11,0,0,0,1,0,0,0,0,0,0,0,1,114 TL
2,0,1,0,0,0,2,2,0,0,0,1,2,0,3,2,0,0,0,2,1,1,0,0,0,0,2,"349,90 TL"
0,0,0,0,0,0,0,0,1,0,0,0,0,0,5,0,0,0,0,0,0,0,0,0,0,0,0,"379,99 TL"
0,0,0,0,0,0,0,0,0,0,0,0,0,0,2,0,0,0,0,0,0,0,0,0,0,0,0,599 TL
0,0,0,0,0,0,0,0,0,0,0,0,0,0,1,0,0,0,0,0,0,0,0,0,0,0,0,799 TL
0,0,0,0,0,0,0,0,0,0,0,0,0,0,2,0,0,0,0,0,0,0,0,0,0,0,0,"169,99 TL"
0,0,1,0,0,0,4,0,0,0,0,1,1,0,10,0,0,0,0,0,1,1,0,0,0,0,0,"299,20 TL"
0,0,1,0,0,0,0,0,0,0,0,0,0,0,1,0,0,0,0,0,0,0,0,0,0,0,0,"264,99 TL"
1,0,1,0,0,0,0,2,0,0,0,1,0,0,1,0,0,0,0,0,0,0,0,0,0,0,1,"469,57 TL"
0,0,1,0,0,0,1,0,1,0,0,1,1,0,2,0,0,0,0,0,0,1,0,0,0,0,0,"208,48 TL"
0,0,0,0,0,0,0,0,0,0,0,4,0,0,4,0,4,0,0,0,0,0,0,1,0,0,0,259 TL
0,0,0,0,0,0,0,0,0,0,0,0,0,0,1,0,0,0,0,0,0,0,0,0,0,0,0,"312,99 TL"
0,0,0,0,0,0,0,0,0,0,0,0,0,0,8,0,0,0,0,0,0,0,0,0,0,0,0,"323,99 TL"
1,0,1,0,0,0,0,2,0,0,0,1,0,0,1,2,0,0,0,3,1,1,0,0,0,0,1,"299,99 TL"
1,0,1,0,0,0,11,4,9,0,1,3,2,0,4,0,0,0,0,1,2,4,0,0,0,0,1,"399,99 TL"
0,0,1,0,0,0,0,2,0,0,0,3,0,0,2,0,0,0,0,0,0,0,0,0,0,0,0,969 TL
1,0,1,0,0,0,3,2,1,0,0,1,0,0,9,2,0,0,0,5,1,0,0,0,0,0,1,949 TL
0,0,1,0,0,0,1,2,0,0,0,1,1,0,4,0,0,0,0,0,1,1,0,0,0,0,0,1.549 TL
2,0,1,0,0,0,1,0,0,0,0,0,0,0,3,2,0,0,0,3,0,1,0,0,0,0,2,"269,90 TL"
0,0,1,0,0,0,0,2,0,0,0,1,0,0,1,0,0,0,0,0,0,0,0,0,0,0,0,"299,90 TL"
0,0,0,0,0,0,0,0,0,0,0,0,0,0,5,0,0,0,0,0,0,0,0,0,0,0,0,"201,06 TL"
1,0,1,0,0,0,0,4,0,0,0,3,0,0,2,0,0,0,0,2,0,0,0,0,0,0,1,"239,99 TL"
0,0,0,0,0,0,0,0,0,0,0,1,0,0,4,0,0,0,0,0,1,1,0,0,0,0,0,359 TL
0,0,1,0,0,0,0,3,0,1,0,0,0,0,1,0,0,0,0,0,0,0,0,0,0,0,0,830 TL
0,0,1,0,0,0,0,0,1,0,0,0,0,0,1,0,0,0,0,0,3,0,0,0,0,0,0,"274,99 TL"
0,0,0,0,0,0,0,0,0,0,0,0,0,0,4,0,0,0,0,0,0,0,0,0,0,0,0,"421,99 TL"
0,0,1,0,0,0,1,0,0,0,0,0,0,0,2,0,0,0,0,0,0,1,0,0,0,0,0,"188,42 TL"
0,0,0,0,0,0,0,0,0,0,0,0,0,0,1,0,0,0,0,0,0,0,0,0,0,0,0,"399,49 TL"
0,0,1,0,0,0,1,0,0,0,0,1,1,0,4,0,0,0,0,0,1,1,0,0,0,0,0,299 TL
0,0,0,0,0,0,0,0,0,0,0,0,0,0,3,0,0,0,0,0,0,0,0,0,0,0,0,2.199 TL
0,0,0,0,0,0,0,0,0,0,0,0,0,0,5,0,0,0,0,0,0,0,0,0,0,0,0,"297,49 TL"
0,1,1,1,0,0,0,2,0,0,0,5,0,0,1,0,5,0,0,0,0,0,0,0,0,0,0,1.589 TL
0,0,0,0,0,0,0,0,0,0,0,4,0,0,15,0,4,0,0,0,0,0,0,1,0,0,0,259 TL
0,0,1,0,0,0,0,2,0,0,0,1,0,0,17,0,0,0,0,0,1,0,0,0,0,0,0,"206,44 TL"
0,0,1,0,0,0,0,2,0,0,0,1,0,0,3,0,0,0,0,0,1,0,0,0,0,0,0,"176,94 TL"
1,0,1,0,0,0,1,2,2,0,0,1,1,1,3,1,0,0,0,0,1,1,0,0,0,0,1,279 TL
0,0,0,0,0,0,0,0,0,0,0,0,0,0,1,0,0,0,0,0,0,0,0,0,0,0,0,"269,90 TL"
0,0,1,0,0,0,1,0,2,0,0,1,1,1,1,0,0,0,0,0,1,1,0,0,0,0,0,"594,99 TL"
3,0,2,0,0,0,0,0,8,0,5,1,0,0,5,2,0,0,0,4,0,0,0,0,0,0,1,"114,52 TL"
2,0,1,0,0,0,1,0,0,0,0,1,0,0,1,2,0,0,0,1,0,4,0,0,0,0,2,"499,90 TL"
0,0,0,0,0,0,0,0,0,0,0,0,0,0,1,0,0,0,0,0,0,0,0,0,0,0,0,879 TL
0,0,0,0,0,0,0,0,0,0,0,0,0,0,3,0,0,1,0,0,0,0,0,0,0,0,0,"359,99 TL"
0,0,0,0,0,0,0,0,0,0,0,0,0,0,1,0,0,0,2,0,0,0,0,0,0,0,0,"160,55 TL"
0,0,0,0,0,0,0,0,0,0,0,0,0,0,3,0,0,0,0,0,0,0,0,0,0,0,0,"1.149,39 TL"
0,0,0,0,0,0,0,0,0,0,0,1,0,0,1,0,0,0,0,0,1,1,0,0,0,0,0,1.899 TL
0,0,0,0,0,0,0,0,0,0,0,1,0,0,3,0,0,0,0,0,0,0,0,0,0,0,0,295 TL
0,0,0,0,0,0,0,0,0,0,0,0,0,0,2,0,0,0,0,0,0,0,0,0,0,0,0,1.099 TL
0,0,1,0,0,0,0,0,0,0,0,1,0,0,1,0,0,0,2,0,0,0,0,0,0,0,0,"330,06 TL"
0,0,1,0,0,0,0,2,0,0,0,0,0,0,1,0,0,0,2,0,0,0,0,0,0,0,0,"1.709,10 TL"
0,0,0,0,0,0,0,3,0,0,0,0,0,0,1,0,0,0,2,0,0,0,0,0,0,0,0,1.899 TL
0,0,1,0,0,0,0,0,0,0,0,1,0,0,2,0,0,0,0,0,0,0,0,0,0,0,0,"249,90 TL"
0,0,2,0,0,0,0,3,0,1,0,3,0,0,1,0,0,0,2,0,0,0,0,0,0,0,0,"499,95 TL"
3,0,0,0,0,0,0,0,0,0,0,0,0,0,1,3,0,0,0,2,0,1,0,0,0,0,3,"283,81 TL"
0,0,0,0,0,0,0,0,0,0,0,0,0,0,1,0,0,0,0,0,0,0,0,0,0,0,0,"599,90 TL"
0,0,0,0,0,0,0,2,0,0,0,3,0,0,1,0,0,0,0,0,0,0,0,0,0,0,0,"249,99 TL"
0,0,1,0,0,0,0,4,0,0,0,1,0,0,1,0,0,0,0,0,0,0,0,0,0,0,0,1.699 TL
0,0,1,0,0,0,0,2,0,0,0,1,0,0,2,0,0,0,0,0,1,0,0,0,0,0,0,"176,94 TL"
0,0,0,0,0,0,0,0,0,0,0,0,0,0,3,0,0,0,0,0,0,0,0,0,0,0,0,"439,90 TL"
1,0,1,0,0,0,0,2,0,0,0,0,0,0,2,0,0,0,0,5,0,0,0,0,0,0,0,"249,99 TL"
0,0,0,0,0,0,0,0,0,0,0,0,0,0,2,0,0,0,0,0,0,0,0,0,0,0,0,"399,95 TL"
0,0,0,0,0,0,0,0,0,0,0,1,0,0,1,0,0,0,0,0,0,0,0,0,0,0,0,"2.644,90 TL"
0,0,1,0,0,0,0,0,1,0,0,0,0,0,3,0,0,0,0,0,0,0,0,0,0,0,0,"399,99 TL"
0,0,3,0,0,0,0,0,0,0,0,0,0,0,1,0,0,0,2,0,0,0,0,0,0,0,0,"371,25 TL"
0,0,0,0,0,0,0,0,0,0,0,0,0,0,2,0,0,0,0,0,0,0,0,0,0,0,0,"269,99 TL"
0,0,1,0,0,0,0,2,0,0,0,1,0,0,3,0,0,0,0,2,0,0,0,0,0,0,0,1.279 TL
3,0,0,0,0,0,0,0,0,0,0,0,0,0,1,3,0,0,0,0,0,0,0,0,0,0,3,"934,74 TL"
1,0,1,0,0,0,0,2,1,0,0,1,0,2,2,1,0,0,0,1,1,1,0,0,0,0,2,"269,99 TL"
0,0,0,0,0,0,0,0,0,0,0,0,0,0,1,0,0,0,0,0,0,0,0,0,0,0,0,"999,95 TL"
0,0,1,0,0,0,0,2,0,0,0,1,0,0,7,0,0,0,0,0,1,0,0,0,0,0,0,"206,44 TL"
0,0,0,0,0,0,0,0,0,0,0,0,0,0,2,0,0,0,0,0,0,0,0,0,0,0,0,"161,90 TL"
1,0,0,0,0,0,1,0,5,0,0,0,0,0,6,1,0,0,1,4,0,1,0,0,0,0,1,"119,90 TL"
0,0,1,0,0,0,1,0,0,0,0,1,1,0,1,0,0,0,0,0,1,1,0,0,0,0,0,299 TL
1,0,1,1,0,0,0,0,0,0,0,0,0,0,13,0,0,0,0,0,0,0,0,1,0,0,1,188 TL
3,0,0,0,0,0,0,0,0,0,0,0,0,0,1,0,0,0,0,1,0,0,0,0,0,0,0,"399,90 TL"
3,0,0,0,0,0,0,0,0,0,0,0,0,0,1,0,0,0,0,6,0,0,0,0,0,0,0,"395,27 TL"
0,0,1,0,0,0,0,2,0,0,0,5,0,1,1,0,0,0,0,2,5,0,0,0,0,0,0,"184,44 TL"
1,0,2,0,0,0,0,0,2,0,0,0,0,0,18,1,0,0,0,2,0,1,0,0,0,0,1,"197,92 TL"
0,0,1,0,0,0,0,2,0,0,0,3,0,0,1,0,0,0,0,0,1,0,0,0,0,0,0,889 TL
1,0,5,0,0,3,1,2,1,0,0,1,0,0,1,2,0,1,0,3,0,0,0,0,0,0,2,"515,15 TL"
2,0,2,0,2,0,0,2,0,2,0,3,0,0,6,0,0,0,1,0,0,3,0,0,0,0,2,"137,72 TL"
0,0,0,0,0,0,0,0,0,0,0,0,0,0,3,0,0,0,0,0,0,0,0,0,0,0,0,"399,95 TL"
0,0,1,0,0,0,2,0,0,0,0,0,1,0,1,0,0,0,0,0,0,1,0,0,0,0,0,489 TL
1,0,1,0,0,0,0,2,0,0,0,0,0,0,3,0,0,0,0,3,1,1,0,0,0,0,0,"179,90 TL"
0,0,1,0,0,0,0,0,0,0,0,1,0,0,3,0,0,0,0,0,1,1,0,0,0,0,0,999 TL
3,0,0,0,0,0,0,0,0,0,0,0,0,0,1,3,0,0,0,0,0,0,0,0,0,0,3,"1.214,34 TL"
0,0,0,0,0,0,0,0,0,0,0,0,0,0,1,0,0,0,0,0,0,0,0,0,0,0,0,"519,99 TL"
0,0,4,0,0,0,0,0,1,0,0,0,0,0,1,0,0,0,0,0,0,0,0,0,0,0,0,"143,90 TL"
0,0,0,0,0,0,0,2,0,0,0,1,0,0,3,0,0,0,0,0,1,0,0,0,0,0,0,"439,99 TL"
1,0,1,0,0,0,1,0,0,0,0,1,1,0,9,1,0,0,0,0,1,1,0,0,0,0,1,"269,90 TL"
0,0,0,0,0,0,0,0,0,0,0,0,0,0,3,0,0,0,0,0,0,0,0,0,0,0,0,"264,99 TL"
0,0,0,0,0,0,0,0,0,0,0,0,0,0,1,0,0,0,0,0,0,0,0,0,0,0,0,"264,99 TL"
0,0,1,0,0,0,0,2,0,1,0,1,0,0,1,0,0,1,2,0,0,0,0,0,0,0,0,1.879 TL
0,0,2,0,0,0,0,0,0,0,0,0,0,0,1,0,0,0,0,0,0,0,0,0,0,0,1,"71,49 TL"
0,0,1,0,0,0,1,0,0,0,0,0,1,0,7,0,0,0,0,2,0,1,0,0,0,0,1,1.354 TL
0,0,0,0,0,0,0,0,0,0,0,4,0,0,1,0,4,0,0,0,0,0,0,1,0,0,0,698 TL
0,0,0,0,0,0,0,0,0,0,0,0,0,0,5,0,0,0,0,0,0,0,0,0,0,0,0,1.449 TL
0,0,1,0,0,0,0,2,0,1,0,1,0,0,6,0,0,1,2,0,0,0,0,0,0,0,0,"349,99 TL"
0,0,0,0,0,0,0,2,0,0,0,3,0,0,1,0,0,0,0,0,0,0,0,0,0,0,0,"249,99 TL"
1,0,1,0,0,0,0,2,0,0,0,1,0,0,1,0,0,0,0,0,0,0,0,0,0,0,0,869 TL
0,0,0,0,0,0,0,0,0,0,0,0,0,0,2,0,0,0,0,0,0,0,0,0,0,0,0,"399,95 TL"
0,0,0,0,0,0,0,2,0,0,0,0,0,0,2,0,0,0,0,0,1,0,0,0,0,0,0,"269,15 TL"
0,0,0,0,0,0,0,2,0,0,0,1,0,0,1,0,0,0,0,0,1,1,0,0,0,0,0,"545,50 TL"
1,0,1,0,0,0,0,2,0,0,0,3,0,0,2,0,0,0,0,0,1,0,0,0,0,0,0,286 TL
0,0,0,0,0,0,0,0,0,0,0,0,0,0,1,0,0,0,0,0,0,0,0,0,0,0,0,839 TL
0,0,1,0,0,0,0,2,0,0,0,3,0,0,7,0,0,0,0,0,0,0,0,0,0,0,0,"298,41 TL"
0,0,4,0,0,0,0,0,1,0,0,1,0,0,1,0,0,0,0,0,0,0,0,0,0,0,0,"289,99 TL"
1,0,0,0,0,0,0,0,0,0,0,1,0,0,1,0,0,0,0,0,0,0,0,0,0,0,0,"239,99 TL"
0,0,0,0,0,0,0,0,0,0,0,0,0,0,1,0,0,0,0,0,0,0,0,0,0,0,0,"399,95 TL"
0,0,0,0,0,0,0,0,0,0,0,0,0,0,2,0,0,0,0,0,0,0,0,0,0,0,0,"399,95 TL"
0,0,0,0,0,0,0,0,0,0,0,0,0,0,8,0,0,0,0,0,0,0,0,0,0,0,0,"219,90 TL"
0,0,0,0,0,0,0,0,0,0,0,0,0,0,2,0,0,0,0,0,0,0,0,0,0,0,0,1.227 TL
0,0,1,0,0,0,0,5,2,0,0,1,0,1,1,1,0,0,0,2,0,0,0,0,0,0,0,1.149 TL
1,0,1,0,0,0,0,2,0,0,0,1,0,0,2,2,0,0,0,3,2,1,0,0,0,0,1,355 TL
0,0,0,0,0,0,0,0,1,0,0,0,0,0,1,0,0,0,0,0,0,0,0,0,0,0,0,"329,99 TL"
1,0,2,0,0,3,1,0,1,0,0,0,3,0,1,2,0,0,0,4,0,1,0,0,0,0,1,"83,42 TL"
0,0,0,0,0,0,0,0,0,0,0,0,0,0,11,0,0,0,0,0,0,0,0,0,0,0,0,"79,99 TL"
3,0,0,0,0,0,0,0,0,0,0,0,0,0,5,0,0,0,0,1,0,0,0,0,0,0,0,"399,90 TL"
0,0,0,0,0,0,0,0,0,0,0,0,0,0,3,0,0,0,0,0,0,0,0,0,0,0,0,849 TL
0,0,1,0,0,0,0,0,0,0,0,1,0,0,9,0,0,0,0,2,0,0,0,0,0,0,1,"869,90 TL"
1,0,1,0,0,0,1,2,0,0,0,1,1,0,2,1,0,0,0,0,0,1,0,0,0,0,1,1.354 TL
0,0,1,0,0,0,0,0,0,1,0,0,0,0,1,0,0,0,0,0,0,0,0,0,0,0,0,"374,90 TL"
0,0,0,0,0,0,0,2,0,0,0,1,0,0,8,0,0,0,0,0,1,1,0,0,0,0,0,"689,90 TL"
0,0,1,0,0,0,0,2,0,0,0,0,0,0,2,0,0,0,0,0,0,0,0,0,0,0,0,448 TL
0,0,1,0,0,0,0,4,0,0,0,1,0,0,2,0,0,0,0,0,1,0,0,0,0,0,0,"255,64 TL"
0,0,1,0,0,0,0,4,0,0,0,1,0,0,1,0,0,0,0,0,1,0,0,0,0,0,0,"463,33 TL"
1,0,0,0,0,0,0,0,0,0,0,1,0,0,3,0,0,0,0,0,0,0,0,0,0,0,0,"239,99 TL"
0,0,1,0,0,0,2,2,3,0,0,1,1,0,2,0,0,0,0,0,0,1,0,0,0,0,0,"399,95 TL"
0,0,0,0,0,0,0,0,0,0,0,0,0,0,4,0,0,0,0,0,0,0,0,0,0,0,0,"359,99 TL"
0,0,1,0,1,0,0,4,0,1,0,1,0,0,5,0,0,1,2,0,0,2,0,0,0,1,0,475 TL
0,0,1,0,0,0,3,5,6,1,0,1,3,0,1,2,0,1,2,0,0,4,0,0,0,0,0,"699,99 TL"
0,0,0,0,0,0,0,0,0,0,0,0,0,0,2,0,0,0,0,0,0,0,0,0,0,0,0,1.979 TL
0,0,0,0,0,0,0,0,0,0,0,0,0,0,1,0,0,0,0,0,0,0,0,0,0,0,0,"264,99 TL"
0,0,0,0,0,0,0,0,0,0,0,0,0,0,1,0,0,0,0,0,0,0,0,0,0,0,0,"379,99 TL"
0,0,0,0,0,0,0,2,0,0,0,3,0,0,1,0,0,0,0,2,1,0,0,0,0,0,0,1.099 TL
0,0,0,0,0,0,0,0,0,0,0,0,0,0,10,0,0,0,0,0,0,0,0,0,0,0,0,"1.599,99 TL"
0,0,1,0,2,0,0,2,0,2,0,3,0,0,1,0,0,1,2,0,0,3,0,0,0,0,0,429 TL
0,0,0,0,0,0,0,0,0,0,0,0,0,0,5,0,0,0,0,0,0,0,0,0,0,0,0,"317,92 TL"
0,0,0,0,0,0,0,0,0,0,0,1,0,0,1,0,0,0,0,0,0,0,0,0,0,0,0,310 TL
0,0,1,0,0,0,1,2,0,0,0,1,1,0,4,0,0,0,0,0,1,1,0,0,0,0,0,1.359 TL
0,0,0,0,0,0,0,0,0,0,0,0,0,0,1,0,0,0,0,0,0,0,0,0,0,0,0,"449,99 TL"
0,0,1,2,0,0,0,0,0,0,0,5,0,0,1,0,5,0,0,0,0,0,0,0,0,0,0,"399,90 TL"
0,0,0,0,0,0,0,0,0,0,0,0,0,0,3,0,0,0,0,0,0,0,0,0,0,0,0,"899,90 TL"
0,0,0,0,0,0,0,0,0,0,0,0,0,0,1,0,0,0,0,0,0,0,0,0,0,0,0,"359,90 TL"
0,0,0,0,0,0,0,0,0,0,0,0,0,0,3,0,0,0,0,0,0,0,0,0,0,0,0,2.199 TL
0,0,1,0,0,0,0,4,0,0,0,1,0,3,1,0,0,0,0,0,3,0,0,0,0,0,0,285 TL
0,0,2,0,0,0,0,3,0,1,0,3,0,0,1,0,0,0,0,0,0,0,0,0,0,0,0,549 TL
0,0,1,0,0,0,1,0,0,0,0,0,1,0,5,0,0,0,0,0,0,1,0,0,0,0,0,"279,90 TL"
0,0,1,0,0,0,0,3,0,1,0,1,0,0,1,0,0,0,2,0,0,0,0,0,0,0,0,924 TL
0,0,1,0,3,0,6,2,0,1,0,1,0,0,6,0,0,1,2,0,0,3,0,0,0,1,0,"419,90 TL"
1,0,1,0,0,0,0,2,1,0,0,3,0,0,3,1,0,0,0,1,0,0,0,0,0,0,1,1.099 TL
0,0,1,0,0,0,0,2,0,0,0,1,0,0,2,0,0,0,0,0,1,0,0,0,0,0,0,1.049 TL
1,0,1,0,0,0,1,2,6,0,0,1,1,1,1,1,0,0,0,0,1,1,0,0,0,0,1,"274,99 TL"
1,0,0,0,0,0,1,0,5,0,0,0,0,0,3,1,0,0,1,4,0,1,0,0,0,0,1,"119,90 TL"
0,0,0,0,0,0,0,2,0,0,0,1,0,0,2,0,0,0,0,0,1,1,0,0,0,0,0,1.599 TL
0,0,0,0,0,0,0,0,0,0,0,4,0,0,10,0,0,0,0,0,0,0,0,0,0,0,0,"199,99 TL"
0,0,0,0,0,0,0,0,0,0,0,0,0,0,2,0,0,0,0,0,0,0,0,0,0,0,0,"149,99 TL"
0,0,1,0,0,0,0,2,0,0,0,1,0,0,1,0,0,0,0,0,1,1,0,0,0,0,0,"879,90 TL"
0,0,3,0,0,0,0,0,0,1,0,0,0,0,1,0,0,0,0,0,0,0,0,0,0,0,0,"390,99 TL"
0,0,0,0,0,0,0,0,0,0,0,0,0,0,1,0,0,0,0,0,0,0,0,0,0,0,0,"439,99 TL"
0,0,0,0,0,0,0,0,0,0,0,0,0,0,12,0,0,0,0,0,0,0,0,0,0,0,0,2.300 TL
0,0,1,0,0,0,0,2,0,0,0,1,0,0,12,0,0,0,0,0,6,0,0,0,0,0,0,"2.235,51 TL"
0,0,1,0,0,0,0,2,0,0,0,1,0,0,1,0,0,0,0,0,0,0,0,0,0,0,0,"488,33 TL"
0,0,2,0,0,0,0,0,0,0,0,1,0,0,9,0,0,0,0,5,0,1,0,0,0,0,0,"139,90 TL"
2,0,1,0,0,0,1,2,1,0,0,3,0,0,3,2,0,0,0,1,4,1,0,0,0,0,2,"249,90 TL"
0,0,0,0,0,0,0,0,0,0,0,0,0,0,12,0,0,0,0,0,0,0,0,0,0,0,0,"499,95 TL"
0,0,0,0,0,0,0,0,0,0,0,0,0,0,1,0,0,0,0,0,0,0,0,0,0,0,0,"379,99 TL"
0,0,0,0,0,0,0,0,0,0,0,0,0,0,1,0,0,0,0,0,0,0,0,0,0,0,0,"299,90 TL"
0,0,0,0,0,0,0,0,0,0,0,0,0,0,1,0,0,0,0,0,0,0,0,0,0,0,0,"287,99 TL"
0,0,0,0,0,0,0,2,0,0,0,1,0,0,1,0,0,0,0,0,1,1,0,0,0,0,0,"277,14 TL"
1,0,1,0,0,0,1,2,2,0,0,1,1,1,3,1,0,0,0,0,1,1,0,0,0,0,1,"649,99 TL"
0,0,0,0,0,0,0,0,0,0,0,0,0,0,1,0,0,0,0,0,0,0,0,0,0,0,0,450 TL
0,0,0,0,0,0,0,0,0,0,0,4,0,0,1,0,4,0,0,0,0,0,0,1,0,0,0,"262,49 TL"
0,0,1,0,0,0,0,2,0,0,0,1,0,0,1,0,0,0,0,0,0,0,0,0,0,0,0,"452,10 TL"
2,0,1,0,0,0,0,0,0,0,0,0,0,0,1,0,0,0,0,0,0,0,0,0,0,0,0,"139,99 TL"
0,0,2,0,0,0,0,2,0,0,0,1,0,0,8,0,0,0,0,0,1,0,0,0,0,0,0,"294,94 TL"
0,0,0,0,0,0,0,2,0,0,0,1,0,0,2,0,0,0,0,0,1,1,0,0,0,0,0,2.489 TL
1,0,1,0,0,0,1,0,3,0,0,0,0,0,13,2,0,0,0,2,0,1,0,0,0,0,0,"639,90 TL"
0,0,0,0,0,0,0,0,0,0,0,1,0,0,1,0,0,1,0,0,0,0,0,0,0,0,0,"3.313,99 TL"
0,0,0,0,0,0,0,0,0,0,0,0,0,0,1,0,0,0,0,0,0,0,0,0,0,0,0,"3.311,99 TL"
1,0,1,0,2,0,5,4,1,1,0,3,0,0,1,1,0,0,2,2,0,2,0,0,0,1,1,"267,90 TL"
0,0,0,0,0,0,0,0,0,0,0,0,0,0,1,0,0,0,0,0,0,0,0,0,0,0,0,750 TL
0,0,1,0,0,0,0,0,0,0,0,1,0,0,1,0,0,0,0,0,0,0,0,0,0,0,0,1.249 TL
0,0,0,0,0,0,0,0,0,0,0,0,0,0,8,0,0,0,0,0,0,0,0,0,0,0,0,1.949 TL
0,0,1,0,0,0,1,0,1,0,0,1,1,0,2,0,0,0,0,0,0,1,0,0,0,0,0,"225,05 TL"
1,0,1,0,0,0,3,0,3,0,1,0,2,0,2,1,0,0,0,1,0,2,0,0,0,0,1,"469,90 TL"
0,0,0,0,0,0,0,0,0,0,0,1,0,0,1,0,0,0,0,4,0,0,0,0,0,0,0,149 TL
0,0,1,0,0,0,0,0,0,0,0,0,0,0,1,0,0,0,0,0,0,0,0,0,0,0,0,1.347 TL
0,0,1,0,0,0,0,2,0,0,0,1,0,0,1,0,0,0,0,0,0,0,0,0,0,0,0,"1.119,20 TL"
0,0,0,0,0,0,0,0,0,0,0,0,0,0,5,0,0,0,0,0,0,0,0,0,0,0,0,"349,90 TL"
2,0,2,0,2,0,0,2,0,2,0,3,0,0,4,0,0,0,1,0,0,3,0,0,0,0,2,"123,59 TL"
0,0,4,0,0,0,0,2,0,0,0,1,0,0,1,0,0,0,0,0,1,0,0,0,0,0,0,259 TL
1,0,1,0,0,0,3,2,1,0,0,1,0,0,5,2,0,0,0,5,1,0,0,0,0,0,1,949 TL
0,0,1,0,0,0,1,2,0,0,0,1,1,0,1,0,0,0,0,0,0,1,0,0,0,0,0,499 TL
2,0,1,3,0,0,0,0,0,0,0,0,0,0,8,0,0,0,0,3,0,0,1,1,0,0,0,"119,99 TL"
0,0,1,0,0,0,2,0,0,0,0,0,1,0,3,0,0,0,0,0,0,1,0,0,0,0,0,549 TL
0,0,0,0,0,0,0,0,0,0,0,0,0,0,1,0,0,0,0,0,0,0,0,0,0,0,0,"979,90 TL"
1,0,1,0,0,0,1,2,0,0,0,1,4,0,3,1,0,0,0,3,4,1,0,0,0,0,1,"233,99 TL"
1,0,1,0,0,0,0,2,1,0,0,1,0,1,12,1,0,0,0,2,2,2,0,0,0,0,1,"359,90 TL"
3,0,1,0,0,2,0,0,1,0,0,0,0,0,1,3,0,0,0,2,0,1,0,0,0,0,3,"344,97 TL"
3,0,0,0,0,0,0,0,0,0,0,0,0,0,5,0,0,0,0,0,0,0,0,0,0,0,0,"911,86 TL"
1,0,1,0,2,0,13,0,3,1,9,3,2,0,1,0,0,1,2,3,0,2,0,0,0,0,1,"699,99 TL"
0,0,0,0,0,0,0,0,0,0,0,0,0,0,2,0,0,0,0,0,0,0,0,0,0,0,0,"235,97 TL"
0,0,1,0,0,0,0,2,0,0,0,1,0,0,6,0,0,0,0,0,1,0,0,0,0,0,0,"176,94 TL"
0,0,3,0,2,0,0,2,0,1,0,1,0,0,1,0,0,1,0,0,0,2,0,0,0,0,0,"399,98 TL"
0,0,0,0,0,0,0,0,0,0,0,0,0,0,3,0,0,0,0,0,0,0,0,0,0,0,0,769 TL
1,0,2,0,0,1,1,0,1,0,10,0,3,0,11,1,0,0,1,6,0,1,0,0,0,0,1,"194,69 TL"
0,0,0,0,0,0,0,0,0,0,0,0,0,0,1,0,0,0,0,0,0,0,0,0,0,0,0,"355,20 TL"
3,0,1,0,0,2,0,0,0,0,0,0,0,0,1,3,0,0,0,1,0,1,0,0,0,0,3,"499,84 TL"
0,0,1,0,0,0,0,0,0,0,0,0,0,0,9,0,0,0,0,0,1,0,0,0,0,0,0,"295,05 TL"
1,0,1,0,0,0,0,2,0,0,0,3,0,0,1,0,0,0,0,0,0,0,0,0,0,0,0,"221,46 TL"
0,0,0,0,0,0,0,0,0,0,0,0,0,0,1,0,0,0,0,0,0,0,0,0,0,0,0,"1.444,15 TL"
0,0,1,0,0,0,0,0,0,0,0,0,0,0,2,0,0,0,0,0,0,0,0,0,0,0,0,"249,99 TL"
0,0,0,0,0,0,0,0,0,0,0,0,0,0,2,0,0,0,0,0,0,0,0,0,0,0,0,"399,95 TL"
0,0,1,0,0,0,0,2,0,0,0,0,0,0,2,0,0,0,0,0,1,0,0,0,0,0,0,"258,08 TL"
0,0,0,0,0,0,0,0,0,0,0,0,0,0,1,0,0,0,0,0,0,0,0,0,0,0,0,"549,99 TL"
0,0,4,0,0,0,0,0,1,0,0,1,0,0,1,0,0,0,0,0,0,0,0,0,0,0,0,"228,18 TL"
0,0,0,0,0,0,0,0,0,0,0,0,0,0,2,0,0,0,0,0,0,0,0,0,0,0,0,"399,95 TL"
0,0,0,0,0,0,0,0,0,0,0,0,0,0,1,0,0,0,0,1,0,0,0,0,0,0,0,124 TL
0,0,1,0,0,0,0,5,0,0,0,1,0,0,1,0,0,0,0,0,0,2,0,0,0,0,0,1.359 TL
3,0,1,0,0,2,1,3,1,0,0,0,0,1,1,3,0,0,0,3,1,1,0,0,0,0,3,750 TL
0,0,0,0,0,0,0,0,0,0,0,1,0,0,3,0,0,0,0,0,1,1,0,0,0,0,0,"291,98 TL"
0,0,1,0,0,0,0,0,0,0,0,0,0,0,2,0,0,0,0,0,0,0,0,0,0,0,0,"281,21 TL"
0,0,0,0,0,0,0,0,0,0,0,0,0,0,3,0,0,0,0,0,0,0,0,0,0,0,0,1.599 TL
0,0,0,0,0,0,0,0,0,0,0,1,0,0,1,0,0,0,0,0,0,0,0,0,0,0,0,"459,99 TL"
0,0,0,0,0,0,0,0,0,0,0,0,0,0,5,0,0,0,2,0,0,0,0,0,0,0,0,109 TL
0,0,0,0,0,0,0,0,0,0,0,0,0,0,1,0,0,0,0,0,0,0,0,0,0,0,0,"599,98 TL"
1,0,2,0,0,1,1,0,2,0,1,0,3,0,11,1,0,0,2,1,0,1,0,0,0,0,1,54 TL
0,0,0,0,0,0,0,0,0,0,0,0,0,0,1,0,0,0,0,0,0,0,0,0,0,0,0,"119,99 TL"
1,0,3,0,2,0,5,4,1,1,2,3,0,0,1,1,0,0,2,2,0,2,0,0,0,0,1,"277,84 TL"
1,0,1,0,0,1,9,2,2,0,2,3,2,2,2,1,0,0,0,4,3,1,0,0,0,0,1,"193,99 TL"
1,0,1,0,0,3,1,4,0,0,0,1,3,1,1,1,0,0,0,3,2,1,0,0,0,0,1,"302,30 TL"
0,0,1,0,0,0,0,2,1,0,0,1,0,0,2,0,0,0,0,0,4,0,0,0,0,0,0,"359,99 TL"
0,0,0,0,0,0,0,0,0,0,0,0,0,0,9,0,0,0,0,0,0,0,0,0,0,0,0,"364,99 TL"
0,0,0,0,0,0,0,0,0,0,0,0,0,0,5,0,0,0,2,0,0,0,0,0,0,0,0,"119,99 TL"
0,0,3,0,0,0,0,0,0,0,0,0,0,0,1,0,0,0,0,0,0,0,0,0,0,0,0,"279,90 TL"
0,0,1,0,1,0,0,4,0,1,0,1,0,0,1,0,0,1,2,0,0,2,0,0,0,1,0,"475,99 TL"
2,0,1,0,0,0,2,0,1,0,0,0,1,0,10,2,0,0,0,1,4,2,0,0,0,0,2,"242,43 TL"
1,0,2,0,0,0,12,0,4,0,1,0,0,0,4,0,0,0,0,1,0,1,0,0,0,0,0,"40,04 TL"
0,0,0,0,0,0,0,0,0,0,0,0,0,0,2,0,0,0,0,0,0,0,0,0,0,0,0,5.200 TL
1,0,2,0,0,0,0,2,1,0,0,0,0,0,9,2,0,0,0,5,0,0,0,0,0,0,1,949 TL
0,0,0,0,0,0,0,0,0,0,0,0,0,0,1,0,0,0,0,0,0,0,0,0,0,0,0,608 TL
0,0,2,0,0,0,0,0,0,0,0,1,0,0,2,0,0,0,0,0,0,0,0,0,0,0,0,"699,95 TL"
1,0,1,0,0,0,1,2,0,0,0,1,4,0,3,1,0,0,0,3,4,1,0,0,0,0,1,"241,89 TL"
0,0,0,0,0,0,0,0,0,0,0,0,0,0,1,0,0,0,0,0,0,0,0,0,0,0,0,649 TL
0,0,1,0,0,0,0,2,0,0,0,3,0,0,1,0,0,0,0,2,0,0,0,0,0,0,0,799 TL
0,0,1,0,0,0,0,2,0,0,0,0,0,0,1,0,0,0,0,0,2,0,0,0,0,0,0,1.345 TL
0,0,0,0,0,0,0,0,0,0,0,0,0,0,1,0,0,0,0,0,0,0,0,0,0,0,0,"349,99 TL"
0,0,1,0,0,0,2,0,0,0,0,0,1,0,4,0,0,0,0,0,0,1,0,0,0,0,0,549 TL
0,0,0,0,0,0,0,2,0,0,0,1,0,0,3,0,0,0,0,0,0,0,0,0,0,0,0,949 TL
0,0,1,0,0,0,0,2,0,0,0,1,0,0,3,0,0,0,0,0,6,0,0,0,0,0,0,"2.235,51 TL"
0,0,0,0,0,0,0,0,0,0,0,0,0,0,1,0,0,0,2,0,0,0,0,0,0,0,0,"239,99 TL"
0,0,0,0,0,0,0,0,0,0,0,0,0,0,1,0,0,0,0,0,0,0,0,0,0,0,0,"229,99 TL"
1,0,2,0,0,1,17,0,2,0,1,0,0,0,6,1,0,0,1,0,0,1,0,0,0,0,1,"98,92 TL"
1,0,0,0,0,0,1,0,5,0,0,0,0,0,4,1,0,0,1,4,0,1,0,0,0,0,1,"119,90 TL"
0,0,0,0,0,0,0,0,0,0,0,0,0,0,7,0,0,0,0,0,0,0,0,0,0,0,0,"809,99 TL"
1,0,1,0,0,0,0,0,0,0,0,1,0,0,1,1,0,0,0,3,1,0,0,0,0,0,1,"199,90 TL"
0,0,1,0,0,0,1,2,0,0,0,0,0,0,1,0,0,0,0,0,0,3,0,0,0,0,2,"279,90 TL"
0,0,1,0,0,0,0,2,0,0,0,0,0,0,1,0,0,0,0,0,2,0,0,0,0,0,0,1.367 TL
0,0,0,0,0,0,0,0,0,0,0,0,0,0,1,0,0,0,0,0,0,0,0,0,0,0,0,"699,93 TL"
0,0,1,0,0,0,0,0,2,0,0,1,0,1,1,0,0,0,0,0,1,1,0,0,0,0,0,"304,90 TL"
1,0,1,0,0,0,0,0,0,0,0,1,0,0,2,0,0,0,0,0,0,0,0,0,0,0,0,"173,56 TL"
0,0,1,0,0,0,2,0,0,0,0,0,2,0,7,0,0,0,0,0,0,1,0,0,0,0,0,"199,95 TL"
0,0,0,0,0,0,0,0,0,0,0,0,0,0,5,0,0,0,0,0,0,0,0,0,0,0,0,"119,99 TL"
0,0,0,0,0,0,0,0,0,0,0,0,0,0,2,0,0,0,0,0,0,0,0,0,0,0,0,475 TL
0,0,0,0,0,0,0,0,0,0,0,0,0,0,1,0,0,0,0,0,0,0,0,0,0,0,0,"857,88 TL"
1,0,3,0,2,0,5,4,1,1,2,3,0,0,5,1,0,0,2,2,0,2,0,0,0,0,1,"290,60 TL"
0,0,0,0,0,0,0,0,0,0,0,1,0,0,5,0,0,0,0,0,0,0,0,0,0,0,0,"467,99 TL"
0,0,0,0,0,0,0,0,0,0,0,0,0,0,1,0,0,0,0,0,0,0,0,0,0,0,0,"219,99 TL"
0,0,1,0,0,0,0,2,0,0,0,1,0,0,1,0,0,0,0,0,6,0,0,0,0,0,0,"1.986,41 TL"
0,0,1,0,0,0,0,2,0,0,0,1,0,0,1,0,0,0,0,0,2,0,0,0,0,0,0,"568,99 TL"
0,0,0,0,0,0,0,0,0,0,0,0,0,0,7,0,0,0,0,0,0,0,0,0,0,0,0,100 TL
0,0,1,0,0,0,0,2,0,0,0,3,0,0,2,0,0,0,0,2,0,0,0,0,0,0,0,899 TL
2,0,3,0,2,3,1,2,2,1,0,3,0,0,5,2,0,2,2,0,0,1,0,0,0,0,2,298 TL
0,0,1,0,0,0,1,0,0,0,0,0,0,0,1,0,0,0,0,0,0,0,0,0,0,0,0,399 TL
0,0,0,0,0,0,0,0,0,0,0,0,0,0,1,0,0,0,0,0,0,0,0,0,0,0,0,"799,99 TL"
0,0,0,0,0,0,0,0,0,0,0,0,0,0,6,0,0,0,0,0,0,0,0,0,0,0,0,"279,99 TL"
0,0,1,0,0,0,0,2,0,0,0,1,0,0,2,0,0,0,0,0,1,0,0,0,0,0,0,"199,99 TL"
0,0,1,0,0,0,0,0,0,0,0,4,0,0,15,0,4,0,0,0,0,0,0,1,0,0,0,205 TL
2,0,1,0,0,0,1,2,0,0,0,0,1,0,9,2,0,0,0,0,0,1,0,0,0,0,2,"379,90 TL"
0,0,1,0,0,0,0,0,0,0,0,1,0,0,3,0,0,0,0,0,1,1,0,0,0,0,0,"298,19 TL"
0,0,4,0,0,0,0,2,0,0,0,0,0,0,3,0,0,0,0,0,0,0,0,0,0,0,0,1.995 TL
1,0,6,0,0,1,3,2,1,0,6,1,0,1,2,2,0,0,0,1,2,1,0,0,0,0,1,"394,90 TL"
0,0,0,0,0,0,0,0,0,0,0,0,0,0,5,0,0,0,0,0,0,0,0,0,0,0,0,"319,99 TL"
0,0,1,0,0,0,0,0,1,0,0,0,0,0,1,0,0,0,0,0,0,0,0,0,0,0,0,"399,99 TL"
3,0,3,0,2,2,0,3,1,1,0,0,0,0,1,3,0,0,2,2,0,0,0,0,0,0,3,"459,90 TL"
0,0,1,0,0,0,1,0,3,0,0,1,1,0,5,0,0,0,2,2,0,1,0,0,0,0,0,"354,99 TL"
0,0,2,0,0,0,0,0,0,0,0,1,0,0,1,0,0,0,0,0,0,0,0,0,0,0,0,"899,95 TL"
0,0,1,0,0,0,1,2,0,0,0,1,1,0,3,0,0,0,0,0,1,1,0,0,0,0,0,"609,99 TL"
0,0,1,0,0,0,0,0,0,0,0,1,0,0,4,0,0,0,0,0,0,0,0,0,0,0,0,"299,20 TL"
0,0,1,0,0,0,0,0,0,0,0,1,0,0,1,0,0,0,0,0,3,0,0,0,0,0,0,"344,17 TL"
0,0,1,0,0,0,0,3,0,0,0,0,0,0,4,0,0,0,0,0,0,0,0,0,0,0,0,"699,99 TL"
0,0,0,0,0,0,0,0,0,0,0,0,0,0,3,0,0,0,0,0,0,0,0,0,0,0,0,"399,95 TL"
0,0,1,0,0,0,0,0,0,0,0,0,0,0,4,0,0,0,0,0,0,0,0,0,0,0,0,"264,99 TL"
0,0,0,0,0,0,0,0,0,0,0,0,0,0,1,0,0,0,0,0,0,0,0,0,0,0,0,"235,97 TL"
2,0,1,0,0,0,1,0,0,0,0,0,1,0,1,2,0,0,0,1,0,1,0,0,0,0,2,"249,90 TL"
0,0,0,0,0,0,0,0,0,0,0,0,0,0,2,0,0,0,0,0,0,0,0,0,0,0,0,1.440 TL
3,0,0,0,0,0,0,0,0,0,0,0,0,0,1,3,0,0,0,0,0,0,0,0,0,0,3,"449,90 TL"
0,0,0,0,0,0,0,0,0,0,0,0,0,0,3,0,0,0,0,0,0,0,0,0,0,0,0,1.889 TL
0,0,0,0,0,0,0,0,0,0,0,0,0,0,1,0,0,0,0,0,0,0,0,0,0,0,0,"2.048,09 TL"
0,0,1,0,0,0,0,2,0,0,0,1,0,0,7,0,0,0,0,0,0,0,0,0,0,0,0,1.509 TL
0,0,0,0,0,0,0,0,0,0,0,1,0,0,4,0,0,0,0,0,1,1,0,0,0,0,0,359 TL
1,0,1,0,2,0,1,5,3,1,9,3,2,0,1,0,0,1,2,3,0,2,0,0,0,0,1,"699,99 TL"
0,0,0,0,0,0,0,0,0,0,0,0,0,0,12,0,0,0,0,0,0,0,0,0,0,0,0,"469,90 TL"
0,0,1,0,0,0,0,0,0,0,0,0,0,0,2,0,0,0,0,0,1,0,0,0,0,0,0,"599,95 TL"
1,0,4,0,0,0,0,2,0,0,0,1,0,0,5,2,0,0,0,1,1,1,0,0,0,0,1,"634,90 TL"
0,0,0,0,0,0,0,0,0,0,0,0,0,0,1,0,0,0,0,0,0,0,0,0,0,0,0,"899,95 TL"
0,0,0,0,0,0,0,0,0,0,0,0,0,0,1,0,0,0,0,0,0,0,0,0,0,0,0,2.099 TL
0,0,0,0,0,0,0,0,0,0,0,0,0,0,2,0,0,0,0,0,0,0,0,0,0,0,0,"1.381,86 TL"
0,0,1,0,0,0,0,2,0,0,0,1,0,0,2,0,0,0,0,0,1,0,0,0,0,0,0,"285,88 TL"
0,0,0,0,0,0,0,0,0,0,0,0,0,0,1,0,0,0,0,0,0,0,0,0,0,0,0,"279,90 TL"
0,0,1,0,2,0,0,2,0,1,0,1,0,0,1,0,0,0,2,0,0,2,0,0,0,1,0,"329,90 TL"
0,0,0,0,0,0,0,0,0,0,0,0,0,0,13,0,0,0,0,0,0,0,0,0,0,0,0,"268,33 TL"
0,0,0,0,0,0,0,0,0,0,0,0,0,0,10,0,0,0,0,0,0,0,0,0,0,0,0,"1.445,57 TL"
0,0,0,0,0,0,0,0,0,0,0,0,0,0,1,0,0,0,0,0,0,0,0,0,0,0,0,"1.411,04 TL"
0,0,0,0,0,0,0,0,0,0,0,0,0,0,5,0,0,0,0,0,0,0,0,0,0,0,0,497 TL
1,0,1,0,2,3,1,2,3,1,0,3,0,0,1,2,0,0,0,0,0,2,0,0,0,0,1,"199,90 TL"
0,0,0,0,0,0,0,0,0,0,0,0,0,0,1,0,0,0,0,0,0,0,0,0,0,0,0,"581,16 TL"
0,0,1,0,0,0,0,0,1,0,0,0,0,0,1,0,0,0,0,0,0,0,0,0,0,0,0,"399,99 TL"
1,0,1,0,0,0,0,2,2,0,0,1,0,1,1,2,0,0,0,0,1,1,0,0,0,0,1,"284,97 TL"
0,0,1,0,0,0,0,0,0,0,0,1,0,0,1,0,0,0,0,0,1,1,0,0,0,0,0,739 TL
0,0,1,0,0,0,0,0,2,0,0,1,0,1,1,0,0,0,0,0,1,1,0,0,0,0,0,"903,11 TL"
0,0,1,0,0,0,0,3,0,0,0,0,0,0,5,0,0,0,0,0,0,0,0,0,0,0,0,"699,99 TL"
0,0,0,0,0,0,0,0,0,0,0,0,0,0,11,0,0,0,2,3,0,0,0,0,0,0,0,"64,35 TL"
1,0,1,0,0,0,0,2,2,0,0,1,0,0,1,1,0,0,0,5,5,4,0,0,0,0,1,1.455 TL
0,0,0,0,0,0,0,0,0,0,0,0,0,0,1,0,0,0,0,0,0,0,0,0,0,0,0,"399,95 TL"
0,0,0,0,0,0,0,0,0,0,0,0,0,0,1,0,0,0,0,0,0,0,0,0,0,0,0,804 TL
0,0,0,0,0,0,0,0,0,0,0,0,0,0,14,0,0,0,0,0,0,0,0,0,0,0,0,"769,90 TL"
0,0,1,0,0,0,0,3,0,0,0,3,0,0,2,0,0,0,0,0,6,0,0,0,0,0,0,1.099 TL
0,0,0,0,0,0,0,0,0,0,0,0,0,0,1,0,0,0,0,0,0,0,0,0,0,0,0,"519,99 TL"
1,0,1,2,0,0,0,0,0,0,0,0,0,0,7,2,0,0,0,4,0,0,1,2,1,0,1,"249,99 TL"
0,0,0,0,0,0,0,0,0,0,0,0,0,0,1,0,0,0,0,0,0,0,0,0,0,0,0,"281,99 TL"
1,0,0,0,0,0,1,0,5,0,0,0,0,0,16,1,0,0,1,4,0,1,0,0,0,0,1,"119,90 TL"
1,0,2,0,0,1,1,0,1,0,10,0,3,0,2,1,0,0,1,6,0,1,0,0,0,0,1,"206,24 TL"
0,0,1,0,0,0,0,2,0,0,0,0,0,0,1,0,0,0,0,0,0,0,0,0,0,0,0,"128,57 TL"
0,0,0,0,0,0,0,0,0,0,0,1,0,0,14,0,0,0,0,0,1,1,0,0,0,0,0,"939,90 TL"
1,0,1,0,0,0,0,2,1,1,0,3,0,0,4,1,0,1,2,3,0,1,0,0,0,0,1,"182,36 TL"
0,0,0,0,0,0,0,0,0,0,0,0,0,0,5,0,0,0,0,0,0,0,0,0,0,0,0,"289,90 TL"
0,0,1,0,3,0,6,2,0,1,0,1,0,0,1,0,0,1,2,0,0,3,0,0,0,1,0,"379,90 TL"
0,0,0,0,0,0,0,0,0,0,0,0,0,0,1,0,0,0,0,0,0,0,0,0,0,0,0,"429,99 TL"
0,0,1,0,0,0,1,0,0,0,0,0,0,0,1,0,0,0,0,1,0,1,0,0,0,0,2,"299,90 TL"
0,0,1,0,2,0,0,2,0,1,0,1,0,0,1,0,0,0,2,0,0,2,0,0,0,1,0,"329,90 TL"
0,0,1,0,0,0,1,5,0,0,0,1,1,0,16,0,0,0,0,0,0,4,0,0,0,0,0,"311,93 TL"
0,0,1,0,0,0,0,2,0,0,0,1,0,0,1,0,0,0,0,0,1,0,0,0,0,0,0,"215,92 TL"
0,0,1,0,0,0,0,0,0,0,0,1,0,0,1,0,0,0,0,0,0,0,0,0,0,0,0,2.077 TL
0,0,0,0,0,0,0,0,0,0,0,0,0,0,1,0,0,0,0,0,0,0,0,0,0,0,0,"439,99 TL"
0,0,0,0,0,0,0,0,0,0,0,0,0,0,4,0,0,0,0,0,0,0,0,0,0,0,0,599 TL
0,0,0,0,0,0,0,0,0,0,0,0,0,0,7,0,0,0,0,0,0,0,0,0,0,0,0,"115,28 TL"
0,0,0,0,0,0,0,0,0,0,0,0,0,0,1,0,0,0,0,0,0,0,0,0,0,0,0,1.299 TL
0,0,1,0,0,0,1,0,0,0,0,1,1,0,1,0,0,0,0,0,1,1,0,0,0,0,0,"604,99 TL"
0,0,1,0,0,0,1,2,0,0,0,1,1,0,1,0,0,0,0,0,1,1,0,0,0,0,0,"594,99 TL"
1,0,6,0,1,2,3,3,1,1,3,3,0,1,1,3,0,1,1,3,0,1,0,0,0,0,1,"549,90 TL"
0,0,3,0,0,0,0,0,0,0,0,1,0,0,5,0,0,0,0,0,0,0,0,0,0,0,0,"404,99 TL"
0,0,0,0,0,0,0,0,0,0,0,0,0,0,1,0,0,0,0,0,0,0,0,0,0,0,0,"1.169,90 TL"
0,0,1,0,0,0,2,2,3,0,0,1,1,0,1,0,0,0,0,0,0,1,0,0,0,0,0,"235,97 TL"
0,0,0,0,0,0,0,3,0,0,0,3,0,0,1,0,0,0,2,0,0,0,0,0,0,0,0,"1.299,99 TL"
1,0,1,0,0,0,0,0,0,0,0,3,0,0,1,0,0,0,0,0,0,0,0,0,0,0,1,"249,90 TL"
3,0,2,0,0,0,0,0,0,0,0,0,0,0,1,3,0,0,0,1,0,3,0,0,0,0,3,"379,90 TL"
3,0,1,0,0,2,0,0,1,0,5,0,0,0,1,3,0,0,0,2,0,2,0,0,0,0,3,"324,90 TL"
0,0,1,0,0,0,0,2,0,1,0,1,0,0,1,0,0,1,2,0,0,0,0,0,0,0,0,1.479 TL
0,0,1,0,0,0,0,0,2,0,0,1,0,1,1,0,0,0,0,2,1,1,0,0,0,0,0,"766,41 TL"
1,0,1,0,0,0,0,2,1,0,0,1,3,0,1,1,0,0,0,0,6,4,0,0,0,0,1,"1.319,90 TL"
0,0,1,0,0,0,0,0,0,0,0,0,0,0,7,0,0,0,0,0,0,0,2,0,1,0,0,"215,10 TL"
0,0,0,0,0,0,0,0,0,0,0,0,0,0,3,0,0,0,0,0,0,0,0,0,0,0,0,1.159 TL
0,0,1,0,0,0,0,2,0,0,0,3,0,0,2,0,0,0,0,5,5,2,0,0,0,0,0,"453,99 TL"
2,0,1,0,0,0,0,0,1,0,0,1,1,0,1,0,0,0,0,0,3,1,0,0,0,0,0,"251,01 TL"
1,0,3,0,0,0,0,3,0,1,0,3,0,0,1,3,0,0,0,2,0,0,0,0,0,0,1,"429,90 TL"
3,0,1,0,0,2,0,0,0,0,0,0,0,0,5,3,0,0,0,2,0,0,0,0,0,0,3,"660,80 TL"
0,0,0,0,0,0,0,0,0,0,0,0,0,0,3,0,0,0,0,0,0,0,0,0,0,0,0,"329,99 TL"
1,0,1,0,0,3,3,2,2,0,0,1,2,1,3,2,0,0,0,5,2,2,0,0,0,0,1,"399,90 TL"
0,0,0,0,0,0,0,0,0,0,0,0,0,0,8,0,0,0,0,0,0,0,0,0,0,0,0,599 TL
0,0,3,0,0,0,0,2,0,1,0,0,0,0,1,0,0,0,2,0,0,0,0,0,0,0,0,"449,92 TL"
2,0,1,0,0,0,1,0,0,0,0,0,0,0,4,2,0,0,0,3,0,1,0,0,0,0,2,"339,99 TL"
